student_id,1,2,3,4,5,6,7,8,9,10,11,12,13,14,15,16,17,18,19,20,21,22,23,24,25,26,27,28,29,30
1,0,0,1,0,0,0,1,1,0,1,0,0,1,0,1,1,1,0,1,0,0,1,0,0,0,0,0,1,0,1
2,0,1,1,0,1,0,1,0,NA,1,1,0,1,1,1,0,1,0,1,0,0,0,1,1,NA,1,0,1,1,1
3,1,NA,0,0,0,0,1,1,1,1,1,0,1,0,0,0,NA,0,1,1,NA,0,1,0,0,NA,1,1,1,0
4,0,1,1,1,0,1,0,1,NA,1,1,1,1,1,0,0,0,1,1,0,1,1,1,0,0,0,1,1,1,1
5,1,1,0,0,1,0,1,0,0,NA,NA,NA,1,0,1,0,0,0,0,0,1,0,1,1,1,0,1,0,1,0
6,0,1,0,0,0,NA,1,0,1,0,1,0,NA,0,0,0,0,0,0,NA,0,1,0,1,0,0,1,1,1,0
7,0,0,0,1,0,1,0,0,0,1,0,0,1,0,1,1,1,1,0,1,1,1,1,NA,0,0,0,0,0,1
8,1,NA,1,1,0,1,1,1,1,NA,1,1,1,1,1,1,1,NA,1,1,1,1,0,1,0,1,0,1,1,0
9,1,0,1,1,1,1,1,1,1,1,1,1,1,1,1,1,1,NA,0,0,1,1,1,1,1,0,NA,1,1,NA
10,1,1,0,0,1,0,0,1,1,1,1,0,1,0,1,NA,1,0,0,0,1,0,1,1,0,0,0,0,1,0
11,1,0,0,1,0,0,0,0,0,0,1,0,NA,0,0,0,0,0,1,1,0,0,0,1,NA,0,0,1,0,0
12,1,0,1,1,1,1,1,0,1,1,NA,0,1,NA,1,1,1,1,1,1,NA,0,1,1,NA,1,0,1,1,0
13,NA,1,0,1,NA,1,1,0,1,1,0,1,1,0,1,0,0,1,0,1,0,1,1,1,1,1,0,1,NA,1
14,0,1,0,0,0,0,1,1,0,1,1,0,NA,1,1,1,0,0,0,1,0,0,1,0,NA,0,1,1,1,0
15,1,NA,0,1,0,0,1,0,1,0,1,1,1,1,NA,1,0,0,1,0,1,0,0,1,0,0,1,0,1,1
16,1,0,1,1,NA,1,1,1,NA,1,1,1,1,1,1,1,1,1,1,0,0,1,1,1,1,1,0,0,1,1
17,1,1,1,0,NA,1,1,0,1,1,0,1,1,1,0,1,1,1,1,0,1,1,1,1,1,0,0,1,1,1
18,1,NA,1,1,1,1,1,1,1,1,1,1,1,1,1,1,1,NA,1,1,1,1,1,0,1,0,0,1,1,1
19,0,1,0,1,0,0,1,0,1,1,0,NA,1,1,1,0,0,1,1,0,1,0,1,1,0,0,1,1,1,1
20,0,0,0,1,0,1,1,1,1,1,0,1,1,0,1,1,1,0,NA,0,0,0,1,1,0,1,1,1,1,1
21,1,1,1,0,1,1,0,1,0,1,0,1,1,0,1,1,1,1,1,1,1,1,0,1,1,1,0,1,1,0
22,0,1,0,NA,1,1,1,1,1,1,1,1,NA,1,1,1,1,0,1,1,1,1,1,1,1,1,1,1,1,1
23,0,1,0,0,1,1,NA,1,1,0,0,1,NA,0,0,0,NA,0,0,0,1,0,1,0,0,1,1,1,1,1
24,0,0,1,1,1,1,1,0,1,1,NA,1,1,0,1,1,0,1,1,1,1,0,1,1,0,0,0,1,0,1
25,1,1,1,1,0,1,0,1,0,1,0,0,1,0,1,0,1,0,1,0,0,0,1,1,1,0,NA,0,1,1
26,1,1,1,0,1,1,1,1,1,1,0,1,1,NA,0,0,1,1,1,1,0,1,1,1,0,0,1,1,1,1
27,0,0,1,0,0,0,0,1,1,1,1,0,1,1,NA,0,1,1,1,0,0,0,0,1,0,1,0,1,1,0
28,1,1,1,1,0,0,0,1,1,1,1,1,1,0,1,1,1,NA,1,0,1,1,1,1,1,1,0,1,1,1
29,1,1,1,NA,1,0,0,0,0,1,0,0,1,NA,0,1,0,1,1,1,1,0,1,1,NA,0,0,0,1,1
30,1,NA,NA,1,NA,1,1,1,1,1,0,1,1,1,1,1,0,NA,1,1,1,0,1,0,1,1,0,0,1,1
31,0,0,0,0,1,0,0,0,1,0,0,1,1,0,1,0,1,1,1,1,0,0,0,0,1,0,1,0,1,0
32,0,0,1,0,1,1,NA,1,1,1,0,0,1,1,1,1,1,1,0,1,1,1,0,1,0,1,1,1,1,0
33,1,0,1,0,NA,1,1,1,1,1,0,1,1,NA,1,1,1,1,NA,1,1,1,1,0,1,1,1,1,1,1
34,0,0,1,0,1,0,1,1,0,1,0,0,1,NA,1,1,1,0,1,1,1,0,0,1,1,1,NA,0,1,1
35,0,0,0,0,1,0,0,0,0,1,0,0,1,0,0,0,1,0,0,0,NA,0,1,0,1,0,NA,0,1,1
36,0,1,1,0,1,1,0,NA,1,1,1,NA,0,1,0,1,1,1,0,1,1,0,0,0,1,0,1,0,0,0
37,0,NA,0,1,1,1,1,1,0,1,1,1,0,1,1,1,0,1,1,0,1,1,1,0,NA,0,1,1,1,1
38,1,0,0,NA,0,0,0,0,0,0,0,0,1,0,1,0,1,1,0,0,1,0,1,1,0,NA,0,1,0,1
39,0,0,0,1,0,0,0,1,NA,0,1,1,1,NA,1,1,1,1,0,0,1,1,1,1,0,0,0,1,0,0
40,0,0,1,0,0,NA,NA,1,1,1,1,0,1,1,1,1,1,1,1,1,0,0,1,1,0,1,1,1,1,1
41,1,0,0,1,0,0,0,0,0,1,0,1,1,0,0,0,0,0,0,0,0,1,1,1,0,0,1,1,1,0
42,0,1,1,1,1,0,1,0,1,1,1,1,NA,0,1,0,NA,1,1,1,0,1,0,1,0,0,1,0,0,1
43,1,0,1,1,1,NA,1,NA,1,1,0,1,1,0,1,1,1,1,1,1,1,0,1,1,1,1,0,1,1,0
44,1,0,1,1,0,1,1,1,0,1,1,0,1,1,0,1,1,1,1,1,1,1,1,1,0,1,0,1,1,0
45,1,1,1,1,1,1,1,0,1,1,1,0,1,1,1,1,0,1,0,1,1,0,1,1,0,0,1,NA,0,1
46,0,1,1,0,1,1,0,1,1,1,1,1,1,1,1,0,1,0,1,1,1,1,0,1,1,1,1,0,1,1
47,0,0,1,1,0,0,0,0,0,1,1,0,1,0,1,0,1,1,1,0,0,0,1,0,1,0,0,1,0,0
48,0,0,1,1,0,1,0,1,NA,1,0,1,1,1,1,1,1,0,NA,NA,1,1,NA,1,0,0,0,1,0,1
49,1,0,0,1,0,0,0,1,0,1,1,NA,1,0,0,1,1,1,1,0,1,1,0,0,0,0,1,1,1,0
50,1,1,1,1,1,1,1,1,1,1,0,0,1,1,NA,0,1,1,1,1,0,1,1,1,1,1,1,1,1,1
51,1,1,NA,0,1,1,1,0,1,1,0,1,1,1,1,1,1,0,0,1,1,1,1,1,0,NA,0,1,1,NA
52,NA,0,1,1,1,1,1,1,1,1,1,1,1,1,1,1,1,1,0,1,0,1,1,1,1,1,1,1,0,0
53,0,0,0,0,1,1,0,1,0,1,0,1,0,1,1,0,1,0,1,1,1,0,0,1,0,0,1,1,1,1
54,1,1,1,1,1,1,1,0,0,1,1,0,1,1,NA,0,1,1,1,1,0,0,1,0,1,0,1,1,1,0
55,1,1,1,0,1,1,1,0,1,1,1,0,1,1,1,1,0,1,1,1,1,1,0,NA,1,1,0,0,1,1
56,NA,1,1,0,0,0,0,0,0,0,0,0,1,0,0,1,1,0,1,0,NA,1,1,0,0,1,0,1,1,0
57,1,0,NA,1,1,1,0,1,1,1,1,0,1,1,0,0,1,0,1,0,NA,1,1,0,0,1,0,1,1,1
58,0,0,1,1,1,1,1,1,1,0,1,0,NA,1,1,1,1,1,1,1,1,1,1,1,0,0,0,1,1,1
59,0,1,1,0,0,0,0,0,0,1,0,1,1,1,1,1,0,1,0,0,1,0,1,1,1,0,0,1,0,0
60,1,1,0,1,0,1,1,0,1,1,0,1,1,1,1,0,1,1,1,0,1,0,1,1,0,1,0,1,1,0
61,1,0,0,1,0,0,0,0,0,0,1,1,1,1,1,1,0,0,0,1,0,0,1,1,0,1,0,1,1,0
62,0,1,1,1,0,1,1,0,0,1,0,1,1,1,1,1,1,1,1,1,1,1,1,0,1,0,1,1,1,1
63,0,0,0,0,0,0,1,1,1,0,0,1,1,0,0,0,0,1,1,0,0,0,1,1,NA,1,0,1,1,0
64,1,0,1,0,0,1,1,0,0,1,0,1,1,1,0,NA,1,1,0,0,1,1,1,0,0,0,0,0,NA,0
65,0,0,1,1,NA,0,0,1,1,1,0,0,1,1,0,1,1,NA,0,0,1,0,1,0,1,0,1,0,1,0
66,0,0,1,1,0,0,1,NA,0,1,0,0,1,1,1,0,1,0,0,NA,0,0,1,1,1,1,0,1,1,1
67,0,0,1,0,0,0,0,1,0,1,1,0,1,1,1,1,1,1,1,1,1,NA,1,1,0,0,0,0,0,0
68,NA,1,1,1,0,0,0,0,1,0,1,0,1,1,1,1,1,0,1,0,1,1,0,1,1,0,1,1,1,1
69,0,0,1,1,0,NA,1,1,1,1,1,1,1,1,1,0,1,1,1,1,1,0,1,1,1,0,1,1,1,1
70,0,0,1,1,0,0,0,1,1,0,1,0,1,0,1,0,0,1,0,1,0,1,1,0,0,0,0,0,0,1
71,0,1,NA,0,0,0,1,0,NA,1,1,1,0,1,1,0,0,0,0,0,0,1,1,0,0,0,NA,0,0,1
72,1,0,1,1,0,NA,0,1,1,1,1,1,1,1,1,1,0,0,1,0,1,1,1,1,1,1,0,1,1,NA
73,0,1,1,1,1,0,0,1,0,1,0,1,1,0,NA,0,1,1,1,0,0,1,1,0,0,0,1,0,0,1
74,0,1,0,0,0,1,0,0,0,1,0,0,0,1,1,0,0,0,1,0,0,0,0,0,0,0,1,0,1,1
75,1,0,0,1,0,0,1,1,1,0,1,0,0,0,1,0,0,0,0,0,0,0,0,0,1,0,0,1,1,0
76,0,0,1,0,1,NA,1,1,1,1,0,0,1,NA,1,1,1,0,0,0,1,0,1,0,0,0,1,0,1,0
77,1,0,NA,0,0,0,0,0,0,1,1,0,0,0,1,1,0,1,0,0,0,0,1,0,0,0,1,1,0,1
78,0,0,1,1,0,1,0,0,0,0,1,0,1,0,1,0,0,0,0,0,1,0,1,1,0,0,0,0,0,1
79,1,1,0,0,1,0,0,1,1,1,0,1,1,NA,1,0,1,1,1,0,NA,0,1,1,0,1,1,1,1,0
80,1,1,NA,NA,1,1,0,NA,1,1,1,1,1,1,0,0,1,1,1,1,1,1,1,1,0,0,0,1,1,1
81,1,0,1,1,1,0,1,1,1,0,0,1,0,1,0,0,1,0,1,0,1,1,1,1,0,0,0,0,1,1
82,NA,1,1,1,1,1,1,0,1,1,1,0,1,0,1,1,1,1,0,1,NA,1,1,1,1,1,0,NA,NA,1
83,1,0,0,1,0,0,1,0,0,1,1,1,1,1,1,1,0,1,1,0,1,0,0,0,0,0,1,1,0,1
84,NA,0,1,NA,0,1,1,1,0,1,0,1,0,0,1,1,1,0,0,1,0,0,NA,1,0,0,NA,1,0,1
85,1,0,0,NA,0,1,1,1,0,0,0,1,0,0,1,0,1,0,1,0,0,0,1,1,NA,1,0,0,0,1
86,0,1,1,0,0,0,0,1,1,0,1,0,1,1,1,1,1,0,1,0,0,0,1,0,NA,0,0,1,0,1
87,1,0,1,0,1,1,1,0,1,0,1,1,1,1,NA,0,0,0,1,1,1,0,1,0,0,1,0,1,1,1
88,1,1,1,0,1,1,1,1,1,1,NA,1,1,1,1,0,1,0,1,1,1,1,1,0,1,0,1,1,NA,1
89,NA,NA,0,0,0,1,0,1,1,0,0,0,1,0,1,0,0,0,0,0,0,1,1,0,1,0,1,0,0,1
90,1,1,1,0,1,1,1,0,1,1,1,1,1,1,1,1,1,0,1,1,1,0,0,1,1,0,1,0,0,1
91,1,0,1,1,0,1,0,1,1,1,1,1,1,0,1,1,NA,NA,1,0,1,0,1,1,1,NA,1,1,1,1
92,0,1,1,1,0,1,0,0,1,0,1,0,0,1,1,0,1,1,0,0,NA,NA,0,0,0,0,0,1,NA,1
93,0,0,0,1,1,0,1,NA,1,1,0,0,1,1,1,0,1,1,1,0,0,1,1,0,0,0,1,1,0,1
94,0,1,0,1,NA,0,1,1,0,1,1,1,1,0,1,0,NA,1,1,0,1,0,1,1,1,0,0,0,0,1
95,1,0,1,1,1,1,1,1,1,1,1,1,1,1,1,0,1,1,1,1,0,1,1,1,0,0,0,1,1,0
96,1,1,0,0,0,1,NA,1,0,1,1,0,1,1,1,1,1,0,NA,0,1,0,1,1,0,1,1,1,1,1
97,0,0,1,0,1,0,1,0,0,1,0,1,1,0,0,0,1,0,1,0,0,0,1,1,0,0,0,0,NA,0
98,0,1,1,1,0,0,1,0,0,1,1,1,1,1,1,0,0,1,0,0,0,0,1,NA,0,1,0,1,1,0
99,0,0,0,1,1,0,0,0,0,1,NA,1,1,NA,0,1,1,0,1,0,NA,1,0,1,0,0,0,1,0,1
100,0,0,1,0,0,1,0,0,0,0,0,0,1,1,1,1,1,1,1,0,1,0,1,0,0,1,0,1,0,0
101,0,1,1,0,0,1,1,0,0,0,0,1,1,1,0,0,0,0,1,0,0,1,1,NA,0,1,1,1,0,0
102,1,0,1,0,0,0,0,0,1,0,0,0,NA,NA,0,0,1,1,1,1,1,1,0,0,1,0,1,0,0,1
103,0,1,1,0,0,1,1,0,NA,1,0,1,0,0,0,0,1,1,0,0,0,1,1,1,1,0,0,NA,1,1
104,1,0,1,NA,1,1,1,NA,1,NA,1,1,1,1,1,1,1,0,1,1,1,0,1,1,0,0,1,1,1,1
105,1,0,1,1,1,1,1,1,1,1,1,0,1,0,1,1,1,1,1,1,1,1,1,1,0,NA,1,1,1,1
106,1,0,1,1,0,0,1,1,0,1,NA,0,0,1,0,0,1,1,1,0,0,NA,1,1,0,1,1,0,1,1
107,1,1,1,1,0,1,1,1,1,1,1,1,1,1,1,1,1,0,1,1,1,0,1,0,1,1,1,1,1,1
108,0,0,1,1,1,1,0,0,1,1,0,0,1,0,1,NA,1,1,0,0,1,1,1,0,1,1,NA,0,0,0
109,0,0,1,0,0,0,1,0,0,1,0,NA,1,1,1,1,1,1,NA,1,1,1,0,1,NA,1,0,NA,1,1
110,1,0,0,0,1,0,0,1,0,0,0,1,1,0,1,0,NA,0,0,0,0,1,0,0,1,0,1,0,1,NA
111,NA,0,1,0,0,1,0,1,1,1,0,1,1,1,1,0,1,0,1,1,1,1,0,1,0,1,0,1,1,1
112,NA,1,1,0,1,1,1,0,0,1,0,NA,0,1,NA,0,0,1,0,0,1,1,1,1,0,0,1,0,1,1
113,0,0,1,0,1,NA,0,0,0,1,0,0,1,1,1,0,1,1,1,1,1,0,1,1,1,1,0,0,1,1
114,1,0,0,0,0,1,0,0,1,1,1,1,1,1,1,0,1,1,0,1,0,1,0,1,0,1,0,1,1,0
115,1,1,1,1,1,1,1,1,1,1,1,1,1,1,1,1,1,1,1,1,1,0,1,1,1,0,NA,1,1,1
116,1,0,1,0,0,0,0,0,0,1,1,1,1,0,NA,1,1,1,1,0,NA,1,0,0,1,0,1,1,1,0
117,1,NA,1,1,0,NA,0,1,0,1,1,1,1,NA,1,0,1,1,1,1,1,1,1,0,0,1,1,1,1,1
118,0,0,1,1,0,0,0,1,0,0,0,0,1,0,1,1,1,0,1,0,0,1,1,0,1,0,0,1,0,1
119,1,NA,NA,0,1,NA,1,1,1,1,NA,1,1,1,NA,0,1,1,0,0,1,1,1,1,0,0,1,1,1,1
120,0,0,0,NA,0,NA,0,0,0,0,1,NA,1,0,0,0,1,0,1,0,1,1,1,1,0,NA,0,0,0,1
121,0,1,0,1,1,1,1,1,1,1,0,1,1,0,NA,1,0,0,1,0,1,0,1,0,1,1,1,1,1,1
122,0,1,1,0,1,0,1,0,0,1,1,1,1,1,1,1,1,1,0,0,0,0,1,0,1,0,1,1,1,0
123,0,0,1,0,0,0,1,0,1,1,1,0,0,0,1,0,0,NA,1,0,1,1,0,0,0,0,0,1,0,NA
124,0,0,0,1,0,1,1,1,0,1,0,0,1,0,1,1,1,1,0,1,1,0,1,1,0,0,0,1,0,0
125,NA,1,1,0,0,1,1,1,NA,NA,1,1,1,1,1,1,1,1,1,1,1,0,1,1,1,1,1,1,1,1
126,0,1,1,1,1,1,1,1,1,1,1,1,1,NA,1,1,1,1,1,0,1,0,0,1,0,1,1,1,0,1
127,1,NA,0,1,0,0,0,0,1,1,1,NA,1,0,0,1,0,1,0,0,1,0,1,1,0,1,0,1,0,0
128,0,1,0,1,1,1,0,1,0,0,0,0,1,1,1,0,0,0,0,0,1,1,1,0,1,1,0,1,1,0
129,0,NA,0,0,0,0,1,0,0,0,0,0,1,1,0,1,1,0,1,0,0,1,1,0,0,0,0,0,0,1
130,0,0,0,0,0,1,1,0,0,1,0,1,1,1,0,1,1,0,0,1,0,0,1,1,1,0,1,0,1,0
131,0,0,0,0,0,0,1,1,0,1,0,0,1,0,0,0,1,1,0,0,NA,0,0,0,0,0,0,1,1,0
132,0,0,0,1,1,1,1,1,1,1,1,0,1,1,1,1,1,1,1,1,NA,1,1,1,1,1,1,1,1,1
133,1,1,1,0,1,1,1,0,0,1,1,0,1,1,1,1,0,1,1,1,0,0,0,1,1,1,1,1,1,1
134,0,1,0,0,1,0,0,1,1,1,1,1,0,0,1,0,0,0,0,1,0,1,0,0,0,1,1,0,0,0
135,1,0,0,1,1,1,1,0,1,0,0,1,1,1,1,0,1,0,1,0,0,0,0,0,1,1,0,0,0,0
136,0,1,1,1,1,1,1,1,1,1,1,1,1,0,1,0,1,1,1,0,1,1,0,1,NA,1,1,1,1,1
137,1,1,0,1,0,0,0,0,1,1,1,1,1,1,1,NA,1,NA,1,0,1,1,1,1,0,0,1,0,0,1
138,0,0,1,1,1,0,1,0,NA,0,1,0,1,0,1,1,1,0,0,0,1,1,1,1,1,0,1,1,NA,1
139,1,1,1,1,0,1,1,1,1,1,NA,1,1,1,1,1,1,1,1,1,1,1,1,1,1,1,1,1,1,0
140,0,0,0,0,0,1,0,0,NA,1,0,0,1,0,0,1,1,0,1,0,1,1,1,1,0,1,NA,0,1,1
141,1,1,1,0,1,1,0,1,1,1,0,1,NA,0,1,1,1,1,1,1,0,1,1,1,0,1,1,1,1,0
142,1,1,1,1,0,0,0,0,0,1,NA,1,1,0,1,1,1,1,1,1,0,0,1,0,0,0,1,1,1,1
143,1,1,1,0,1,1,0,1,NA,1,1,0,NA,0,1,1,1,1,1,1,1,NA,1,0,1,0,1,1,1,1
144,1,0,0,1,0,1,0,NA,0,0,0,1,NA,NA,NA,1,0,0,1,0,1,0,1,0,1,0,0,1,0,0
145,1,1,1,0,1,0,0,1,0,1,0,0,1,1,1,1,1,0,0,1,0,1,1,1,0,0,NA,NA,0,1
146,0,1,0,1,1,1,1,1,1,1,1,0,0,1,1,1,1,1,1,1,1,0,1,1,1,1,1,1,1,1
147,0,0,1,0,1,0,1,0,NA,1,1,0,0,0,1,0,1,NA,0,0,1,1,1,1,0,0,0,1,1,1
148,0,1,1,NA,0,0,0,1,1,1,0,1,NA,1,1,1,0,0,0,0,1,0,1,0,0,0,1,0,1,0
149,0,0,0,1,NA,1,0,1,0,1,1,0,0,1,0,NA,1,0,0,1,0,0,1,1,1,NA,0,0,0,0
150,1,1,1,1,1,1,NA,0,1,1,1,1,1,0,1,1,NA,0,1,1,1,1,1,0,1,1,NA,1,1,1
151,0,0,1,0,1,1,0,1,0,1,0,0,1,1,1,1,1,1,0,0,0,0,1,1,0,0,1,1,1,1
152,1,0,0,0,0,0,0,1,1,1,1,0,1,1,1,0,NA,0,0,1,1,1,1,1,1,0,1,1,1,1
153,0,0,1,1,1,NA,0,1,1,1,0,NA,1,1,1,0,0,0,0,0,NA,1,0,NA,0,NA,0,0,0,0
154,0,0,0,0,1,0,0,0,0,1,0,0,1,0,0,0,1,1,0,0,0,0,1,0,0,1,1,0,0,1
155,0,1,1,1,0,1,0,1,0,1,1,1,1,1,1,1,1,1,1,1,1,1,1,1,1,1,0,1,0,0
156,0,1,1,0,0,0,1,1,1,1,NA,1,1,0,1,0,1,1,1,1,0,0,1,0,0,1,1,1,0,0
157,NA,1,0,0,0,1,1,1,1,1,0,1,1,0,1,0,1,1,0,0,1,1,1,1,0,1,1,NA,1,NA
158,0,0,0,1,0,1,0,1,0,1,1,0,1,0,0,0,1,0,1,0,0,1,0,0,1,0,1,1,0,1
159,1,1,1,1,1,NA,NA,1,1,1,1,1,1,1,NA,1,1,1,1,1,1,1,1,0,1,1,1,1,1,1
160,NA,1,1,1,1,1,0,1,1,1,0,0,0,1,1,1,1,1,1,NA,1,1,1,1,1,1,1,1,0,1
161,1,1,1,1,0,1,1,1,1,1,1,NA,NA,1,1,1,0,1,0,1,1,NA,1,0,0,0,1,1,1,1
162,1,0,0,0,0,0,0,0,1,1,1,NA,1,0,1,0,0,1,0,1,1,1,0,0,0,0,0,1,0,1
163,0,1,1,1,1,1,0,NA,1,1,0,1,1,0,0,1,1,1,1,1,1,1,1,1,0,1,1,0,1,1
164,0,NA,0,NA,1,1,1,1,1,1,1,1,1,1,1,1,1,1,1,0,1,NA,1,0,1,0,1,1,1,NA
165,1,1,1,0,1,1,1,0,1,1,1,1,1,1,1,1,1,1,1,1,1,1,1,1,0,1,1,1,1,1
166,1,0,0,0,1,0,1,0,0,0,0,1,1,0,NA,1,0,0,0,0,1,0,1,0,0,0,0,0,1,0
167,0,NA,0,0,1,1,1,1,1,1,0,NA,1,1,NA,0,1,0,0,0,0,1,1,0,1,0,1,1,1,0
168,1,1,0,1,1,1,1,0,0,1,0,1,0,1,1,1,0,0,1,1,1,0,1,NA,1,1,0,1,1,0
169,0,0,1,1,1,1,1,1,1,1,1,1,1,1,1,1,1,1,1,1,1,0,1,1,1,1,1,1,1,1
170,0,0,1,0,NA,1,0,0,1,1,NA,1,1,1,1,1,1,1,1,1,1,1,1,1,NA,1,1,1,0,1
171,0,1,0,0,0,1,0,1,0,1,1,1,NA,0,1,1,0,1,1,1,0,0,1,1,1,0,0,1,1,1
172,1,1,1,0,1,0,1,0,0,1,0,1,1,0,0,1,0,1,0,0,0,0,1,1,0,0,1,1,0,0
173,0,0,1,0,1,0,1,0,1,1,0,0,1,1,1,0,NA,1,1,0,1,1,1,0,0,0,0,1,1,0
174,NA,0,0,0,1,0,0,0,1,1,0,0,1,0,0,0,0,0,0,0,1,1,0,1,1,0,1,1,1,0
175,0,1,1,0,0,0,0,0,0,1,1,0,1,NA,1,1,1,0,1,0,0,1,1,1,0,0,1,0,1,1
176,NA,1,0,1,1,0,NA,0,0,1,0,1,1,0,0,1,1,1,1,1,1,0,1,1,NA,0,0,1,0,1
177,0,0,0,0,0,1,0,0,0,0,0,0,1,1,1,0,1,0,0,0,1,1,1,1,0,1,0,1,1,1
178,0,1,1,0,1,1,0,0,1,0,1,0,1,0,1,NA,1,1,1,0,0,0,0,1,1,0,1,0,0,1
179,1,0,0,NA,NA,0,0,0,0,1,NA,0,0,NA,1,1,0,1,1,0,0,0,0,0,0,0,0,1,1,0
180,0,1,0,0,1,1,0,1,1,0,0,0,0,0,0,0,0,0,0,1,1,0,1,1,1,0,0,NA,0,0
181,1,1,1,1,1,1,0,1,NA,NA,1,0,0,1,1,1,1,1,0,1,1,0,1,1,1,1,1,1,0,0
182,1,0,0,1,1,1,1,1,NA,1,1,1,1,0,1,0,1,1,1,1,0,0,NA,1,0,0,0,1,1,0
183,0,0,0,1,0,1,0,0,1,0,1,0,1,0,1,1,1,0,1,0,1,0,1,0,1,0,0,1,0,1
184,0,1,1,1,1,1,1,1,1,0,1,1,1,1,1,0,0,1,1,0,0,1,1,0,1,1,0,1,1,1
185,1,0,1,1,1,1,1,NA,1,1,0,1,1,1,1,1,1,1,1,0,1,1,1,0,1,1,0,1,0,1
186,0,1,0,1,1,0,0,0,0,1,0,0,1,0,0,1,0,0,1,0,1,0,1,0,1,1,1,1,0,0
187,0,0,0,1,0,0,0,1,0,1,1,1,NA,1,0,0,1,1,1,0,0,0,0,1,0,1,0,1,1,1
188,1,0,1,0,0,0,0,1,NA,0,1,0,1,0,1,0,0,1,1,0,0,1,0,0,0,0,0,NA,0,0
189,1,1,0,1,1,1,0,1,1,1,1,1,1,NA,1,NA,1,1,0,NA,0,NA,1,0,0,1,1,1,1,0
190,0,1,0,1,0,0,1,0,0,1,0,1,1,1,1,0,1,0,1,1,1,1,0,0,0,0,1,0,1,1
191,0,0,0,0,0,1,NA,0,0,0,0,1,1,0,NA,0,0,0,0,1,0,0,0,0,1,1,1,1,1,0
192,0,1,0,1,1,1,1,1,1,1,0,1,0,1,1,0,1,1,1,0,1,1,1,0,0,0,1,1,1,1
193,1,0,0,1,1,NA,0,1,1,0,1,1,1,NA,1,1,1,0,1,NA,1,1,1,0,1,1,0,1,0,1
194,1,0,0,0,1,0,1,1,1,NA,1,1,1,1,1,0,0,0,1,0,1,1,1,0,0,0,0,0,0,1
195,1,0,0,0,1,0,1,0,1,1,1,1,1,1,0,0,0,1,0,0,0,0,0,0,0,0,1,1,NA,0
196,0,1,1,1,0,1,0,0,0,0,1,1,1,0,1,0,0,1,1,0,0,0,0,0,1,0,0,1,1,1
197,1,1,0,1,0,1,1,0,1,1,1,1,0,1,1,1,1,1,0,1,0,0,1,0,1,0,0,1,1,1
198,NA,1,0,0,0,1,0,1,0,0,1,1,1,0,0,0,0,1,1,0,0,0,1,0,0,0,1,1,1,1
199,1,1,1,0,1,1,1,1,1,1,0,1,1,1,1,1,1,1,1,1,NA,1,1,0,1,1,1,1,1,1
200,1,0,1,0,1,1,1,1,1,NA,0,1,1,1,1,1,1,NA,1,1,0,1,1,1,1,NA,1,1,1,1
201,1,0,0,0,1,0,0,0,0,0,1,0,1,0,1,0,0,0,1,1,0,0,0,1,0,1,0,1,0,0
202,1,1,1,1,1,1,1,1,1,1,0,1,1,1,1,1,1,1,1,1,1,0,0,0,0,1,1,1,1,1
203,0,0,1,1,1,0,0,1,1,1,0,0,1,0,NA,0,1,0,0,1,0,0,1,1,0,0,NA,1,1,1
204,0,0,0,1,0,1,1,0,1,1,0,0,NA,0,1,0,1,1,NA,0,0,NA,1,1,0,0,1,1,0,1
205,1,1,0,0,1,1,1,0,NA,1,1,0,1,0,1,0,0,0,0,0,0,1,0,0,0,0,0,0,1,1
206,1,1,1,1,1,1,0,0,1,1,NA,NA,1,1,1,1,0,1,1,0,1,1,1,0,0,1,1,1,0,1
207,0,0,1,1,1,1,1,1,0,1,1,1,1,1,1,1,NA,1,1,0,NA,0,1,1,0,1,1,1,1,0
208,1,1,1,1,1,1,0,0,1,1,1,1,NA,1,1,1,1,1,1,1,1,1,1,1,1,1,1,1,1,0
209,NA,1,1,1,1,1,1,1,1,1,0,1,1,1,1,0,1,1,1,1,1,0,1,0,1,0,0,1,0,1
210,1,1,0,0,0,0,0,0,1,1,0,1,1,0,NA,0,0,1,0,0,0,0,1,0,0,1,1,1,0,0
211,0,0,0,0,0,0,1,0,0,1,1,0,1,0,0,0,NA,0,1,0,1,0,1,0,0,0,0,1,1,0
212,1,1,1,1,1,1,1,1,1,1,1,1,1,1,1,1,NA,1,1,1,1,1,1,1,1,1,1,1,1,0
213,1,0,0,1,0,NA,1,0,0,1,1,1,1,1,0,1,1,0,0,NA,1,0,1,1,0,1,1,1,1,1
214,1,0,1,0,0,NA,1,0,1,1,0,0,1,0,1,1,1,0,0,1,0,1,1,0,0,0,1,1,0,1
215,NA,1,1,0,0,1,1,0,1,1,0,1,1,1,1,0,0,1,1,1,0,0,0,0,1,0,0,0,1,NA
216,1,1,1,NA,1,0,1,1,0,1,1,0,0,1,1,0,0,1,1,0,1,1,1,0,0,1,0,1,1,0
217,1,0,1,0,1,0,1,1,1,1,0,0,1,1,1,0,1,NA,0,1,1,0,1,0,1,0,0,0,1,0
218,1,1,0,0,1,NA,1,1,1,0,1,0,1,1,0,1,0,1,0,0,1,NA,1,1,1,NA,1,0,1,1
219,1,1,0,0,0,0,0,0,1,1,1,1,NA,0,1,1,1,0,1,0,0,1,0,0,0,1,0,1,1,0
220,1,1,1,1,1,1,1,1,0,1,1,1,1,0,1,0,1,1,0,0,1,0,1,1,0,1,1,0,1,0
221,1,1,1,1,0,1,1,1,NA,1,0,1,1,1,1,1,NA,1,0,0,1,0,0,1,1,1,1,1,1,NA
222,1,0,1,1,0,0,1,1,1,1,0,1,1,0,1,1,1,0,1,1,1,0,1,0,0,0,0,1,1,0
223,0,1,1,1,0,1,1,1,1,1,0,1,0,0,1,1,0,1,NA,1,0,1,1,1,1,1,1,1,1,1
224,0,0,1,0,1,0,0,0,0,0,0,0,1,0,1,0,0,1,1,0,0,1,1,1,NA,0,0,0,0,0
225,0,1,0,1,0,1,1,1,0,1,1,1,0,1,1,0,0,0,1,1,NA,0,1,0,0,0,0,0,0,1
226,0,1,1,1,1,1,0,0,1,NA,0,0,1,1,1,1,0,1,0,0,1,1,1,1,0,1,1,1,1,1
227,1,1,1,1,0,0,0,1,1,0,0,NA,1,0,1,0,1,0,1,0,1,1,0,0,0,1,1,0,1,0
228,0,1,1,0,1,0,1,0,0,1,1,0,1,0,1,0,1,0,0,1,1,0,1,1,0,0,0,0,1,1
229,1,0,0,1,NA,0,0,0,1,0,1,0,1,0,1,0,0,0,0,0,1,0,1,0,1,0,0,0,1,1
230,1,1,1,0,0,1,1,1,0,1,1,1,0,1,1,0,1,0,1,1,0,0,1,1,1,0,1,0,1,1
231,NA,1,1,0,0,1,0,0,1,1,1,1,1,NA,NA,0,0,0,NA,0,0,0,0,1,0,0,0,1,1,0
232,0,0,NA,1,0,0,NA,0,0,1,0,1,1,0,0,0,0,1,1,0,NA,NA,NA,1,0,0,0,0,0,1
233,1,1,1,1,1,1,1,1,1,1,1,1,1,1,1,1,1,1,1,1,1,0,1,1,1,1,1,0,0,1
234,0,0,0,1,0,0,0,0,0,1,1,1,NA,1,1,1,1,0,1,1,1,1,1,1,0,0,0,1,0,1
235,0,1,0,1,1,0,1,0,0,1,0,1,1,0,0,0,0,0,1,1,0,0,0,0,1,1,1,0,1,1
236,1,1,1,1,1,1,0,1,1,1,1,1,1,1,1,1,0,0,1,1,1,1,1,1,1,1,1,1,1,1
237,0,0,1,1,1,1,1,1,1,NA,1,0,1,1,1,1,1,1,0,0,1,0,1,0,1,1,1,1,1,1
238,1,0,0,NA,0,1,0,0,0,0,0,0,0,0,0,0,1,1,1,0,0,1,0,0,0,0,0,0,0,1
239,0,0,1,1,1,1,0,1,0,1,0,0,1,NA,1,0,0,1,0,0,1,1,0,0,1,1,0,0,1,NA
240,0,1,1,1,1,NA,1,1,1,1,0,0,1,0,1,0,1,1,1,0,1,1,1,NA,1,1,0,1,1,1
241,0,0,0,0,0,NA,1,1,1,1,NA,1,1,0,1,1,NA,1,1,0,0,0,NA,0,1,NA,NA,0,1,0
242,0,0,1,0,1,NA,1,0,1,1,1,0,1,1,1,0,0,1,NA,NA,1,1,1,1,1,NA,NA,1,1,NA
243,0,1,0,1,NA,0,1,0,0,1,0,1,1,1,1,0,1,0,0,0,0,1,1,1,0,1,0,0,0,1
244,1,1,1,1,1,1,1,1,0,1,1,0,1,1,1,0,1,1,1,1,1,0,1,1,1,1,1,1,1,0
245,1,1,1,1,1,1,1,1,1,1,1,1,1,1,NA,0,1,1,1,1,1,1,1,1,0,1,1,1,1,1
246,1,1,1,1,1,1,NA,1,NA,1,1,1,1,1,NA,1,1,1,1,1,1,0,1,1,1,1,1,1,1,1
247,0,1,1,1,0,0,0,0,1,1,1,0,1,1,0,1,1,1,0,0,1,0,0,1,1,0,0,NA,NA,1
248,0,0,0,1,1,1,0,0,1,1,0,1,1,0,0,0,1,0,NA,0,NA,1,1,0,1,1,1,1,1,1
249,0,0,0,0,1,0,1,0,0,0,NA,0,0,1,1,1,0,1,NA,1,0,1,1,1,0,0,0,1,0,1
250,1,0,NA,0,0,NA,1,0,0,1,0,0,1,1,1,0,0,0,0,0,0,NA,1,1,0,0,0,1,NA,0
251,1,1,1,1,1,1,NA,1,1,1,0,1,1,1,1,1,0,1,1,1,1,1,1,0,0,1,1,1,1,1
252,0,0,1,0,1,0,0,0,0,1,NA,0,NA,0,0,1,NA,0,1,0,1,1,0,0,0,0,0,NA,0,1
253,1,0,1,1,0,1,1,0,1,NA,0,1,1,1,1,1,1,1,1,NA,1,1,1,1,1,1,1,1,1,1
254,0,0,1,0,0,0,0,0,0,1,0,0,1,0,0,0,1,0,1,0,0,1,1,1,1,0,1,0,0,1
255,0,0,1,1,0,1,1,0,1,1,0,0,1,1,1,0,0,0,0,1,NA,0,1,1,0,0,0,0,0,1
256,0,0,0,0,1,0,0,1,0,1,0,NA,1,0,1,1,0,NA,0,1,0,0,1,1,0,0,1,1,1,1
257,0,1,1,1,1,1,0,1,1,1,1,1,1,1,1,0,0,1,1,1,0,NA,1,1,0,0,1,1,1,1
258,0,1,1,1,0,0,1,1,0,0,0,0,1,0,1,1,1,0,0,1,0,1,0,NA,0,0,0,1,0,0
259,1,0,1,1,0,1,0,1,0,0,0,1,1,1,1,0,1,0,0,0,NA,1,1,0,1,0,1,1,NA,0
260,1,1,1,0,1,NA,1,1,1,1,0,1,0,1,1,1,1,0,1,0,0,1,1,1,1,1,1,1,1,1
261,0,1,1,1,0,0,0,1,0,1,0,0,1,1,0,0,1,0,1,0,0,1,1,0,0,0,1,0,1,1
262,1,1,0,0,1,1,1,1,1,1,1,0,1,1,1,0,1,1,0,1,1,0,1,0,0,0,1,1,1,1
263,1,0,1,1,0,1,0,1,1,0,0,1,1,1,1,NA,1,1,1,1,1,0,0,1,1,1,0,1,1,1
264,1,0,0,1,1,1,0,1,1,1,0,1,1,0,NA,0,1,1,1,1,1,0,1,1,0,1,1,1,1,NA
265,1,0,0,0,0,1,1,1,0,1,0,1,1,0,1,0,0,1,1,1,1,1,1,0,1,0,1,1,1,1
266,0,0,1,0,NA,0,1,0,0,1,0,0,1,0,1,NA,0,0,1,0,1,1,1,0,0,0,0,0,1,1
267,1,1,0,1,1,1,0,0,0,1,1,1,1,1,0,0,1,1,1,1,1,1,0,0,1,0,0,0,1,1
268,1,1,1,0,1,NA,0,1,0,1,0,0,0,1,1,1,1,1,1,1,1,0,1,1,0,0,1,1,1,1
269,1,1,1,1,1,1,1,1,1,1,1,1,1,1,1,1,1,1,1,1,1,1,1,1,1,1,1,1,1,1
270,1,0,1,0,1,1,1,1,1,1,1,1,1,1,1,1,1,1,0,1,1,1,1,1,0,1,1,1,0,1
271,NA,0,1,1,0,0,0,1,0,0,0,1,1,0,0,1,0,1,1,0,1,0,1,0,0,NA,0,0,0,0
272,0,1,1,0,1,1,1,1,1,1,0,0,1,1,1,1,NA,0,NA,1,0,1,1,1,0,0,NA,0,1,0
273,1,0,1,0,1,1,1,0,1,1,1,1,1,1,1,1,1,1,0,1,1,1,1,1,1,1,1,NA,0,0
274,NA,0,1,1,0,1,NA,1,1,0,0,1,1,1,1,0,0,1,1,1,0,NA,0,0,1,0,1,0,0,1
275,0,0,1,0,0,0,0,NA,1,0,0,0,0,1,1,1,1,1,0,1,1,0,0,0,0,0,0,0,1,NA
276,0,1,0,1,NA,1,NA,1,0,0,0,0,0,0,0,0,0,0,1,0,1,0,1,1,0,1,0,0,0,NA
277,0,0,0,0,1,0,0,0,1,1,NA,0,1,0,1,0,1,1,1,0,0,0,0,1,0,0,1,1,1,1
278,1,1,0,0,0,0,0,1,0,NA,1,0,1,0,0,0,0,1,0,0,1,0,0,1,0,0,0,1,1,1
279,1,0,NA,0,0,1,1,1,1,1,1,1,NA,NA,1,0,1,1,1,1,0,NA,1,0,0,0,0,1,1,1
280,0,0,0,0,1,1,1,1,1,NA,1,1,1,0,1,0,0,1,1,NA,1,1,1,1,1,1,1,1,1,0
281,0,0,1,0,1,1,NA,1,1,1,1,NA,0,0,1,1,1,1,1,0,0,1,NA,1,1,0,0,1,1,0
282,1,1,NA,1,1,1,0,1,1,1,1,1,1,1,NA,1,1,1,1,1,1,1,1,1,1,0,0,1,1,1
283,0,1,0,0,0,0,0,0,1,1,0,1,1,1,0,0,0,0,1,0,0,0,0,1,0,NA,0,0,0,0
284,0,1,1,1,1,0,0,1,1,1,0,0,1,1,1,1,1,NA,1,0,1,1,1,0,1,0,1,1,0,1
285,0,0,0,0,0,0,0,1,1,0,1,1,1,1,1,0,1,0,1,1,0,1,NA,0,1,0,0,1,0,0
286,1,1,1,0,1,0,1,1,0,0,NA,1,1,1,1,0,1,0,1,1,0,0,1,1,1,0,1,1,NA,0
287,0,1,1,0,0,0,0,1,NA,1,1,1,NA,0,1,1,0,0,0,0,1,0,1,0,1,0,1,0,1,1
288,0,1,1,1,0,1,0,1,1,1,0,1,1,1,1,1,1,1,1,1,1,1,0,1,0,1,0,1,1,0
289,1,1,0,1,1,1,1,0,1,1,1,0,1,0,1,1,0,1,1,0,1,NA,0,1,0,1,0,0,0,1
290,0,0,1,0,0,0,NA,1,0,1,1,1,1,1,1,1,1,1,0,1,1,0,1,1,0,1,1,1,1,0
291,1,0,1,NA,1,0,NA,0,1,1,0,0,1,0,1,0,0,NA,0,0,1,0,1,1,0,0,1,1,0,1
292,1,0,0,0,0,1,0,1,0,1,0,NA,1,1,0,1,1,1,1,1,1,1,1,1,1,0,0,1,1,1
293,0,0,1,0,1,0,1,0,0,0,0,0,0,0,1,0,1,0,0,0,0,1,NA,0,0,0,1,0,0,1
294,1,0,1,0,0,1,0,0,1,1,1,1,1,1,1,1,1,0,0,1,0,1,1,0,1,0,0,1,0,1
295,0,0,0,1,1,0,NA,1,0,1,0,NA,0,1,0,1,1,0,1,0,1,0,0,0,1,1,0,1,1,1
296,1,1,1,1,0,1,0,0,0,1,1,1,1,1,1,0,1,1,0,0,0,1,1,0,NA,0,0,0,0,0
297,1,1,1,1,1,1,1,0,1,1,1,0,1,1,1,0,1,1,1,1,0,0,0,0,0,0,1,1,1,0
298,0,1,0,0,1,0,1,0,1,1,0,1,0,1,1,0,1,0,0,0,0,1,1,NA,1,0,0,1,0,0
299,1,1,0,1,1,1,1,1,1,1,1,1,1,1,1,1,1,1,1,0,1,1,1,0,1,0,1,NA,1,1
300,1,1,0,0,0,1,1,1,0,0,1,1,1,0,0,1,0,1,1,1,1,1,1,1,0,1,1,0,0,1
301,1,0,0,0,1,0,1,1,1,1,0,0,1,0,0,0,0,0,1,1,1,0,1,0,0,0,0,1,0,0
302,1,1,1,0,0,1,0,1,1,0,0,1,1,0,1,1,1,0,1,1,1,1,1,1,1,0,1,1,1,1
303,0,1,1,0,0,0,0,1,0,1,0,1,1,1,1,1,1,0,1,1,0,1,1,1,0,1,1,1,1,0
304,1,NA,1,1,1,1,0,1,NA,1,NA,1,1,1,1,1,1,1,NA,1,1,1,0,1,0,0,1,1,0,0
305,0,0,1,0,0,1,0,NA,1,0,0,1,1,0,0,0,1,0,0,NA,1,0,1,0,0,1,1,NA,0,1
306,0,1,0,1,1,1,0,1,1,1,1,0,1,0,1,0,1,1,1,1,1,1,1,0,1,1,1,1,1,0
307,0,0,1,1,1,1,1,1,NA,1,0,0,1,1,1,0,0,1,1,1,1,0,1,1,1,0,NA,1,1,1
308,1,1,1,1,1,1,1,1,1,1,0,1,1,1,1,1,1,1,0,1,0,1,1,1,0,1,1,1,1,1
309,0,1,0,0,1,1,1,1,1,1,0,1,1,0,1,0,0,0,0,1,1,1,1,0,1,1,1,0,0,1
310,0,0,NA,1,NA,0,1,0,1,1,0,1,1,1,0,0,0,0,1,1,0,1,1,1,1,0,0,1,1,0
311,1,1,1,1,1,0,0,1,1,1,1,0,1,NA,1,0,1,0,1,1,NA,1,1,1,0,0,0,1,1,1
312,1,0,0,0,0,0,1,0,1,1,0,NA,1,0,1,0,1,1,1,1,0,1,0,0,1,0,0,1,NA,0
313,0,0,1,0,1,1,0,0,1,1,0,1,0,0,1,0,0,0,0,0,0,NA,0,1,1,0,1,0,NA,1
314,NA,0,0,0,0,0,1,0,0,1,0,NA,1,1,1,0,1,0,1,0,0,0,1,0,0,0,1,NA,1,1
315,0,1,0,1,0,0,1,0,1,1,NA,0,1,0,1,0,1,1,1,0,0,1,0,0,1,NA,1,0,1,0
316,0,1,1,1,1,1,1,1,1,1,0,1,0,1,1,0,1,1,0,0,1,0,1,1,1,NA,0,1,0,1
317,1,1,1,0,1,1,0,1,NA,1,0,0,1,1,1,1,1,1,0,0,1,NA,1,1,1,1,1,1,0,0
318,0,1,1,0,1,0,0,0,NA,1,1,1,1,1,1,1,1,1,1,NA,1,1,0,0,NA,1,0,1,1,1
319,0,0,0,0,1,NA,0,1,0,1,0,0,1,0,1,1,1,0,1,0,0,0,0,1,0,1,0,0,1,1
320,0,0,0,0,1,0,1,0,1,1,0,0,1,0,1,0,1,1,0,1,1,0,1,0,1,0,0,1,1,1
321,1,0,0,NA,0,1,0,1,0,1,0,0,1,1,1,1,0,0,0,0,1,1,1,1,0,1,1,0,1,1
322,1,1,1,1,0,NA,0,1,1,1,0,1,1,1,1,NA,1,1,0,1,1,0,NA,0,0,0,0,1,1,1
323,0,0,0,1,0,0,0,0,NA,0,0,0,1,1,1,0,1,0,1,1,0,1,1,0,1,1,1,1,0,1
324,0,1,0,1,0,1,1,0,1,1,NA,1,1,1,1,1,1,0,NA,0,0,1,1,0,1,0,0,0,1,1
325,1,0,1,1,0,0,0,0,1,1,0,1,1,0,1,1,0,1,0,1,0,1,1,1,1,0,1,1,0,1
326,0,0,1,0,1,1,0,1,1,1,1,1,0,1,1,0,1,0,1,1,1,0,1,1,0,0,0,1,1,0
327,0,0,0,1,1,0,0,1,0,0,1,NA,1,1,0,0,0,0,0,1,1,1,1,1,0,0,0,0,0,0
328,NA,0,1,1,1,NA,1,0,1,1,1,1,1,1,1,NA,0,0,0,1,1,0,1,1,1,1,0,1,1,0
329,NA,0,1,1,1,1,1,1,1,1,1,0,1,1,0,0,1,1,NA,0,1,1,1,1,0,1,0,1,1,1
330,0,0,1,0,1,1,1,0,1,1,1,1,1,1,0,1,0,1,0,1,1,0,0,1,NA,1,1,1,1,1
331,0,0,0,1,0,1,1,0,NA,1,1,1,NA,1,1,0,1,1,1,1,1,1,1,1,0,0,0,1,0,1
332,1,0,1,0,1,0,0,NA,0,1,0,0,1,0,1,0,1,1,0,1,1,0,0,1,1,0,0,1,0,1
333,1,0,1,1,0,0,0,1,NA,1,1,1,1,0,0,0,1,0,NA,1,0,0,1,0,1,0,0,1,1,1
334,1,0,0,1,1,1,0,0,1,NA,0,NA,1,1,1,1,1,1,0,0,1,1,0,0,1,1,1,1,0,0
335,0,1,0,0,0,1,0,0,1,1,1,1,1,0,1,1,1,0,0,0,0,0,1,1,0,0,0,1,1,1
336,0,1,1,1,1,1,1,1,1,1,1,1,1,1,1,1,1,1,1,1,1,NA,1,NA,1,1,1,1,1,1
337,1,1,1,0,1,1,1,0,1,1,1,1,1,1,1,1,1,0,0,1,1,1,1,0,0,0,1,1,1,1
338,1,1,1,1,1,1,0,1,1,1,1,1,1,1,1,0,1,1,0,1,1,1,1,0,0,0,1,1,NA,1
339,0,1,1,0,1,1,0,1,1,1,0,0,1,1,1,1,0,1,1,0,1,1,NA,1,1,1,0,0,0,1
340,0,0,1,1,1,0,1,0,0,1,0,1,1,1,1,0,0,0,1,0,0,1,1,1,1,1,1,0,NA,1
341,0,1,1,1,0,0,0,1,1,1,1,0,1,0,1,0,1,1,0,0,0,0,1,1,0,0,0,1,0,1
342,1,0,0,1,0,0,1,0,NA,1,0,0,1,0,0,0,1,0,1,1,1,1,1,1,0,1,0,0,1,0
343,1,1,NA,1,0,1,1,1,1,1,1,1,1,1,1,0,1,1,1,0,NA,1,1,1,0,1,1,1,1,1
344,1,1,0,1,1,1,0,0,1,1,0,0,1,0,1,1,1,1,0,1,1,1,1,0,1,NA,0,1,NA,1
345,1,0,1,1,0,0,1,0,0,1,0,0,1,0,0,1,0,1,1,1,0,1,1,0,1,0,0,1,0,1
346,0,0,NA,1,0,0,0,1,1,1,0,1,1,1,1,0,1,1,1,0,1,1,1,0,1,0,0,1,1,0
347,0,0,1,1,1,1,NA,0,1,1,0,0,1,1,0,1,1,1,0,0,1,1,NA,1,0,1,1,1,1,1
348,0,1,1,0,0,1,1,0,0,1,NA,1,1,1,1,0,NA,1,1,0,1,1,1,1,0,0,1,1,1,1
349,1,1,1,0,0,1,1,1,1,1,0,1,1,1,1,1,1,1,1,1,1,0,1,1,0,0,0,1,1,1
350,0,1,1,1,1,1,1,1,NA,1,1,0,1,1,NA,0,1,0,1,NA,1,0,0,1,1,0,0,1,0,1
351,0,1,1,0,1,1,1,0,1,1,1,1,1,0,0,1,1,NA,0,0,1,1,1,1,0,0,1,1,1,0
352,1,0,1,1,1,1,1,1,1,1,1,1,1,1,1,1,1,0,1,0,1,1,0,1,1,1,0,NA,1,1
353,0,0,1,0,1,1,1,1,1,1,1,0,1,1,1,1,1,1,1,0,1,0,0,1,0,1,1,1,1,0
354,1,1,0,1,0,1,0,1,1,1,1,0,1,1,1,0,1,1,0,0,0,1,1,0,0,0,0,0,1,1
355,1,0,1,1,1,1,1,0,1,1,1,1,1,1,1,1,0,1,1,1,1,1,1,1,NA,0,0,1,1,1
356,0,1,0,0,1,NA,0,0,1,0,0,0,1,0,1,1,1,0,0,1,0,0,1,1,0,NA,0,1,0,0
357,1,1,1,1,0,1,0,0,0,1,0,1,1,1,0,0,1,1,NA,0,1,0,NA,0,0,0,0,1,1,1
358,0,1,1,0,1,1,0,0,1,1,1,1,1,1,0,1,1,1,1,1,1,1,1,1,0,0,1,NA,1,1
359,NA,1,1,NA,0,0,1,0,1,1,0,1,1,1,1,1,0,1,1,0,0,0,0,1,1,0,1,1,0,1
360,0,0,1,1,0,1,1,0,0,1,1,1,1,1,0,1,1,1,1,1,0,1,1,1,1,1,1,1,1,0
361,1,1,1,0,1,1,1,1,1,1,0,1,1,1,1,1,1,1,0,0,1,0,1,1,0,1,0,1,NA,1
362,1,0,0,1,0,1,0,0,0,1,1,0,1,NA,1,0,1,0,0,0,1,1,0,1,1,1,1,1,0,1
363,0,0,0,1,1,0,0,1,0,0,0,1,0,0,1,NA,0,1,0,0,0,0,1,0,1,0,0,1,0,0
364,1,1,1,1,1,1,1,1,1,1,1,1,1,1,1,1,1,1,1,1,1,0,1,1,1,1,1,0,1,1
365,0,0,0,1,0,0,0,0,0,1,0,0,1,1,0,0,0,0,1,0,0,0,0,0,0,0,0,0,0,0
366,1,0,0,1,1,1,0,1,0,1,1,0,NA,0,0,0,0,0,1,1,1,NA,1,0,1,0,0,1,0,1
367,1,0,1,NA,1,NA,1,0,1,1,0,1,1,1,1,1,0,0,0,0,1,1,1,0,0,0,0,0,1,1
368,0,0,1,0,1,1,0,0,1,1,1,1,1,1,1,1,1,1,0,1,1,1,1,1,NA,0,0,1,0,1
369,0,1,1,1,1,1,0,1,1,1,1,0,1,1,1,1,1,1,1,1,1,1,0,0,1,0,0,1,NA,0
370,0,1,0,0,1,1,NA,0,1,1,0,1,1,1,1,1,0,0,1,1,0,1,1,1,0,1,0,1,1,NA
371,0,1,0,0,0,1,0,0,0,1,1,1,1,1,1,0,0,1,1,1,0,1,0,NA,1,NA,0,0,0,0
372,1,0,0,1,0,0,NA,0,0,1,1,1,1,0,1,0,1,0,0,1,0,1,1,1,1,0,0,1,0,1
373,1,0,1,0,0,1,1,1,1,1,0,1,1,NA,1,1,1,1,1,1,0,1,1,NA,0,0,0,1,1,1
374,1,1,1,0,0,0,0,0,1,0,1,0,1,0,0,0,1,0,1,0,0,0,1,1,0,1,0,1,0,1
375,0,1,0,0,0,1,1,0,0,0,0,0,0,0,1,NA,0,1,0,1,0,1,0,0,0,0,0,NA,0,1
376,0,0,0,1,1,1,1,1,0,1,1,NA,0,0,1,1,1,0,NA,1,0,1,0,0,1,0,0,1,1,0
377,1,0,1,1,1,1,1,1,1,1,0,1,1,1,1,1,1,1,0,1,1,0,1,1,1,1,1,1,1,1
378,0,1,1,NA,1,1,1,1,1,1,1,0,1,1,1,0,0,1,0,0,1,0,1,1,0,0,1,1,1,0
379,1,1,0,0,0,1,NA,0,1,1,0,1,1,1,0,1,0,0,1,1,1,1,0,NA,1,0,0,1,1,NA
380,1,0,1,0,1,1,1,1,1,1,1,NA,1,0,1,1,0,0,0,0,1,0,1,0,0,1,1,1,0,1
381,1,0,NA,0,0,0,0,NA,0,0,0,0,0,0,1,0,0,1,0,0,0,1,0,0,0,1,0,1,1,0
382,1,1,1,0,0,1,1,1,1,1,1,1,1,0,0,0,1,0,1,0,0,1,0,0,NA,0,1,0,1,0
383,1,1,0,1,0,1,1,1,1,1,1,1,1,0,1,0,1,0,1,0,1,0,0,1,1,NA,1,1,1,NA
384,0,0,1,1,1,1,1,1,1,NA,1,0,1,1,0,1,1,1,1,1,1,0,0,1,NA,1,1,0,1,0
385,0,0,1,1,1,1,NA,1,1,1,1,0,1,1,1,0,1,0,0,1,1,0,NA,1,1,1,0,1,1,1
386,0,0,1,1,1,1,1,0,0,1,1,1,1,1,1,1,0,1,1,0,1,NA,1,NA,1,1,1,1,1,1
387,0,1,1,0,1,NA,1,1,NA,1,1,1,1,1,0,0,1,0,NA,0,1,1,1,1,0,1,1,1,0,1
388,1,1,0,1,0,0,1,1,1,0,0,0,1,0,1,0,1,NA,1,0,1,1,0,1,NA,0,1,1,1,1
389,0,1,1,NA,0,1,1,1,1,1,0,1,1,1,1,1,1,1,1,NA,0,0,1,1,1,0,1,0,0,0
390,0,1,1,1,NA,0,0,NA,1,NA,0,0,1,0,1,0,0,0,0,0,0,0,1,1,0,0,0,0,1,1
391,1,1,0,1,0,1,NA,0,1,1,1,0,1,NA,1,0,0,1,0,1,1,1,1,1,0,0,1,1,1,0
392,0,0,1,0,0,1,NA,1,1,1,1,1,1,1,1,1,1,1,1,1,1,0,1,1,NA,1,1,1,1,1
393,1,0,1,NA,1,1,0,1,0,1,1,0,1,1,1,0,0,1,1,0,1,0,1,0,1,0,0,1,1,1
394,0,0,1,1,1,0,0,0,1,1,1,1,1,1,1,0,1,0,0,0,1,0,1,1,1,0,0,1,0,NA
395,0,1,1,1,1,0,0,1,1,1,0,1,1,1,1,0,1,1,1,1,1,1,1,1,0,1,1,1,1,1
396,1,0,0,1,NA,0,1,0,1,0,1,1,1,0,1,0,1,0,0,0,1,0,1,1,0,0,0,1,1,NA
397,0,1,0,1,1,0,1,1,1,1,1,0,1,1,1,1,0,1,1,1,1,1,1,0,1,1,NA,1,1,NA
398,1,0,1,1,0,1,1,1,1,1,0,1,1,0,1,0,1,0,1,0,1,1,1,1,0,0,0,0,0,1
399,0,1,1,1,1,1,NA,1,1,NA,1,1,1,0,1,1,1,1,1,1,1,1,1,0,1,0,1,1,1,NA
400,1,0,1,1,1,1,1,1,1,1,NA,1,1,0,1,0,0,1,1,0,1,1,0,1,1,0,1,1,1,0
401,0,1,1,1,0,0,0,1,1,1,1,0,1,1,1,0,1,0,1,1,0,0,1,1,1,0,1,1,0,0
402,0,1,1,0,0,0,0,1,0,1,1,0,1,1,1,1,1,0,0,0,0,1,0,1,1,0,0,0,NA,1
403,1,1,0,0,1,1,1,1,1,1,1,1,1,1,0,1,1,1,1,1,1,1,1,1,0,1,1,1,1,0
404,NA,1,1,1,1,1,1,0,1,1,NA,1,1,1,1,0,1,1,1,1,1,1,1,1,1,0,1,1,1,0
405,0,0,NA,0,0,1,0,0,1,1,0,1,1,0,0,1,1,0,0,1,1,1,0,1,0,0,0,NA,1,1
406,1,0,1,1,NA,1,NA,1,1,1,0,1,1,0,1,1,1,1,1,1,1,0,1,0,1,1,1,1,1,1
407,0,1,0,0,0,1,0,1,1,1,0,0,1,0,0,1,0,1,0,1,0,0,1,1,1,0,0,0,0,1
408,1,1,0,1,0,0,0,0,1,1,1,0,1,0,1,0,1,1,1,0,0,NA,0,0,1,0,0,1,0,0
409,1,1,1,1,0,0,1,0,0,NA,0,1,1,1,1,NA,1,1,1,0,NA,1,1,0,0,0,0,1,1,1
410,0,0,0,1,0,0,1,0,0,0,0,NA,NA,0,1,1,0,0,1,0,1,0,1,0,0,1,0,1,1,0
411,1,0,1,1,0,0,0,1,1,1,0,1,1,1,0,1,1,NA,0,1,1,0,1,0,0,0,1,1,0,0
412,0,1,0,1,NA,1,1,0,1,1,1,1,0,1,1,NA,1,0,1,0,1,0,0,1,NA,1,0,0,1,0
413,0,0,1,1,0,1,1,1,1,NA,0,1,1,1,1,0,1,1,1,0,1,1,1,NA,1,0,1,1,0,0
414,1,0,1,0,0,1,NA,1,0,1,0,0,1,1,1,1,1,1,1,0,1,1,1,1,0,1,0,1,0,1
415,1,1,1,1,1,1,1,1,1,1,1,0,1,0,1,1,1,1,1,0,1,1,1,1,0,1,1,0,NA,1
416,0,0,NA,NA,0,0,NA,0,0,1,0,1,1,0,0,0,0,1,1,1,0,0,0,0,0,0,1,0,0,1
417,1,0,1,0,1,0,0,1,1,0,1,1,0,1,1,1,1,0,0,1,0,0,0,1,1,0,0,0,1,0
418,0,1,1,1,1,1,1,1,0,1,0,1,1,0,1,1,1,1,1,1,1,0,0,0,1,0,0,1,NA,0
419,NA,0,1,0,1,0,0,1,0,1,1,1,NA,1,0,1,1,1,1,0,1,0,1,1,0,0,1,1,1,1
420,0,1,0,0,0,1,0,1,1,1,1,1,1,1,1,1,1,1,0,0,1,1,1,1,1,1,0,1,1,1
421,NA,1,1,1,1,1,0,NA,1,1,1,1,1,1,1,1,0,0,0,0,0,0,1,1,0,0,1,1,0,1
422,0,1,1,NA,1,NA,1,0,0,1,0,1,1,0,1,0,0,0,0,0,1,0,1,1,0,0,0,1,1,0
423,0,1,0,1,0,0,0,1,1,1,1,1,1,1,1,1,0,0,1,0,1,1,1,0,0,0,0,NA,1,1
424,0,1,0,0,0,0,1,0,1,1,1,0,1,0,0,0,1,0,0,1,1,0,0,0,0,0,0,1,0,0
425,0,0,1,0,0,0,0,0,0,1,1,0,1,1,1,0,0,0,1,0,0,NA,1,0,1,0,0,0,1,1
426,0,0,1,0,0,0,0,1,1,1,0,0,0,0,0,0,1,1,1,1,1,1,1,0,1,1,1,1,1,0
427,1,1,1,1,0,0,0,0,NA,1,0,1,1,1,1,0,1,1,0,1,0,0,1,1,0,0,1,0,1,1
428,1,0,1,1,0,1,1,1,1,1,0,1,1,0,1,NA,1,0,1,0,1,1,0,1,1,0,1,1,1,0
429,0,1,0,1,0,1,1,1,1,1,0,0,NA,NA,1,0,0,1,0,1,1,0,1,1,1,0,0,1,1,1
430,0,0,0,0,1,1,0,0,NA,1,1,1,1,NA,1,0,1,1,0,1,1,1,0,1,0,0,0,1,1,1
431,1,1,0,1,0,0,1,NA,1,1,0,1,NA,1,1,0,1,1,1,1,1,0,1,0,0,1,0,1,0,1
432,0,0,0,0,0,0,0,0,1,0,NA,0,0,0,1,1,0,0,1,0,0,1,0,1,0,0,1,1,0,1
433,1,1,1,1,1,1,1,1,1,1,0,1,1,0,1,1,NA,1,1,1,1,1,1,1,1,1,1,1,1,1
434,NA,1,0,1,1,1,0,1,1,1,1,0,1,1,0,0,1,1,1,1,1,0,0,1,0,0,1,0,1,1
435,NA,1,1,0,1,1,0,0,0,0,NA,1,NA,1,1,0,0,1,0,1,1,0,1,0,0,NA,1,1,1,0
436,0,1,1,1,1,1,1,0,0,1,0,0,1,0,1,0,1,0,1,1,1,1,1,0,0,1,0,1,1,0
437,NA,1,0,0,1,1,1,1,0,1,0,1,1,NA,0,0,1,1,1,1,1,1,1,1,1,1,1,0,1,0
438,1,NA,0,1,0,0,1,NA,0,1,1,NA,1,0,NA,0,1,0,1,1,1,0,1,0,1,1,0,0,1,1
439,0,0,0,0,1,0,1,1,0,1,1,0,1,1,0,0,1,0,0,0,1,1,1,0,NA,1,0,0,1,NA
440,0,NA,0,0,1,0,1,0,1,0,0,0,0,NA,1,1,1,0,1,1,1,0,1,0,1,0,0,0,0,0
441,0,1,1,0,0,0,0,1,1,1,1,1,1,1,NA,NA,0,0,1,0,0,1,1,1,0,0,0,0,0,1
442,1,0,0,1,1,1,1,0,1,1,0,1,1,1,1,1,1,1,0,1,1,1,1,0,1,1,0,1,1,1
443,0,0,1,0,0,1,1,0,1,1,0,NA,1,1,1,NA,0,0,1,0,1,0,1,1,0,0,0,0,0,1
444,0,1,NA,1,0,0,0,1,0,1,1,0,1,1,1,0,0,0,0,1,0,0,1,1,0,0,0,0,1,1
445,1,1,1,1,1,1,0,1,0,1,0,1,1,0,1,1,1,1,1,1,0,1,1,1,0,0,1,NA,1,1
446,0,0,1,1,1,1,0,1,1,1,1,1,1,1,1,0,1,NA,0,1,1,1,1,1,1,1,1,1,0,0
447,1,1,1,1,1,1,1,1,1,1,0,0,1,1,1,1,0,1,0,1,0,1,1,1,1,1,1,1,1,1
448,0,0,1,0,1,0,0,0,0,1,0,0,0,1,1,1,0,0,1,0,1,0,NA,0,1,0,1,0,0,NA
449,1,0,1,1,1,1,1,1,1,1,1,0,1,1,1,1,0,1,NA,1,1,1,1,1,1,1,0,1,1,1
450,1,1,0,1,0,NA,0,1,0,1,0,1,1,0,1,0,NA,1,1,0,1,0,NA,0,0,1,1,0,0,1
451,0,0,1,1,1,1,1,1,1,0,1,1,1,1,1,0,1,1,1,0,1,1,NA,1,1,0,1,1,0,1
452,0,1,1,0,1,1,1,1,1,1,1,1,1,0,1,1,1,1,1,0,1,1,1,1,0,1,0,1,1,1
453,0,1,1,0,1,1,0,0,1,0,1,0,1,1,0,1,0,1,0,0,1,1,1,1,1,1,1,NA,1,1
454,0,0,0,1,0,1,1,1,0,1,1,0,1,1,1,1,1,1,1,1,1,NA,1,1,1,0,1,1,1,NA
455,1,0,1,1,1,1,1,0,NA,1,1,1,1,0,1,1,1,0,0,1,1,1,1,1,1,1,1,1,1,NA
456,0,0,1,0,0,0,0,1,0,0,0,0,1,1,1,0,0,0,0,0,0,1,1,1,1,0,1,1,NA,1
457,0,0,1,1,0,NA,0,1,1,1,0,1,0,0,1,0,1,0,0,0,0,NA,0,1,0,0,1,0,0,0
458,0,0,1,0,0,0,NA,0,1,1,1,0,1,0,1,0,0,NA,0,1,NA,1,1,1,1,0,1,0,1,0
459,0,1,0,0,1,1,0,0,1,1,0,1,NA,1,1,0,1,1,1,1,1,1,NA,0,0,0,1,0,1,NA
460,0,0,0,1,1,NA,1,1,1,1,1,NA,0,1,1,1,1,1,0,NA,1,0,1,1,0,1,1,1,1,1
461,1,0,1,1,0,1,1,0,0,1,0,1,1,1,1,1,1,0,1,1,NA,0,0,0,0,NA,1,1,1,1
462,0,0,1,1,0,1,0,1,0,1,1,0,0,1,1,1,1,1,1,1,0,0,1,NA,0,0,1,1,1,1
463,0,0,0,1,1,1,1,1,0,1,1,1,0,0,0,0,1,0,1,0,1,1,1,NA,1,1,0,0,0,1
464,1,1,0,1,1,1,1,0,1,1,0,1,1,1,1,1,1,NA,1,1,1,1,1,1,0,1,1,1,1,1
465,0,0,0,1,1,1,1,0,1,0,0,0,0,0,1,0,1,0,1,0,0,0,1,0,NA,1,1,1,0,0
466,0,0,0,1,1,1,0,0,0,1,1,1,1,1,1,NA,0,1,1,1,1,0,1,0,0,1,0,1,1,0
467,0,0,1,1,1,0,1,0,1,0,NA,1,1,0,1,0,0,NA,0,0,1,0,0,1,1,0,0,0,NA,0
468,0,1,1,1,1,0,0,0,1,1,1,1,1,1,1,0,0,1,0,0,1,1,1,0,1,0,0,1,1,1
469,0,1,1,NA,0,1,1,1,1,1,0,1,1,0,0,0,1,0,1,0,0,1,0,0,0,1,1,1,0,1
470,1,0,1,1,1,1,0,1,0,1,1,0,1,1,NA,0,1,1,1,1,0,1,1,0,1,1,1,1,0,1
471,1,0,1,1,1,1,0,0,1,1,1,1,1,1,1,0,1,1,1,1,NA,1,1,1,0,1,0,1,1,NA
472,0,0,0,1,0,1,1,1,1,1,1,1,1,1,1,1,1,1,1,1,1,1,0,1,NA,1,1,1,1,1
473,0,1,0,0,0,0,1,0,0,1,0,1,0,0,1,0,1,0,0,1,0,0,0,0,1,0,1,0,0,0
474,1,1,1,1,1,1,NA,0,1,1,1,NA,NA,1,1,1,1,1,1,1,1,0,1,1,0,1,1,1,1,1
475,1,1,1,1,0,1,1,1,1,1,1,1,1,1,1,1,1,1,1,1,1,1,1,1,1,0,1,NA,1,1
476,0,0,1,1,0,1,0,0,1,1,1,1,1,0,1,0,1,1,0,0,1,0,1,1,1,1,0,0,1,1
477,0,0,1,1,0,0,1,1,0,1,1,0,1,1,1,0,1,0,0,1,1,0,1,0,0,NA,1,NA,1,1
478,NA,1,1,NA,0,0,0,0,0,0,1,1,1,1,1,0,1,1,1,0,0,0,1,0,0,0,0,0,0,0
479,0,0,1,0,1,1,0,1,1,1,0,0,1,0,1,1,0,0,1,0,0,0,1,1,0,NA,0,1,0,1
480,1,1,0,0,1,0,0,0,1,1,1,1,1,0,1,1,0,0,1,NA,NA,0,1,1,0,1,1,0,1,1
481,0,1,0,NA,1,1,1,1,1,1,1,1,1,1,1,1,1,1,1,0,1,1,1,1,1,1,1,1,1,1
482,1,1,0,1,1,1,1,1,1,1,1,0,1,1,1,1,1,0,1,0,1,1,1,1,1,1,0,1,1,1
483,1,0,1,1,0,1,1,1,1,1,1,0,1,1,NA,NA,1,1,1,0,1,0,1,0,1,1,1,0,1,0
484,0,0,0,0,0,0,1,0,1,1,NA,0,1,1,1,0,1,0,0,0,1,0,1,0,NA,0,1,0,0,0
485,1,1,1,0,1,1,1,1,1,1,0,0,0,1,1,1,0,1,1,1,1,0,1,1,1,1,1,1,0,0
486,1,1,1,1,0,1,1,1,0,1,0,0,1,NA,0,0,1,1,1,1,1,0,NA,1,1,0,1,1,1,0
487,1,0,1,1,1,1,1,1,0,1,1,1,1,0,1,1,0,0,1,0,1,1,0,0,0,0,0,0,1,1
488,1,0,0,1,0,0,1,NA,1,1,0,0,0,1,1,0,0,0,0,NA,1,1,1,1,1,0,0,1,0,0
489,1,1,1,0,1,NA,0,0,1,0,0,1,1,1,NA,1,1,1,1,1,1,0,0,0,0,1,1,0,1,0
490,1,0,1,1,1,1,1,1,1,1,0,1,1,1,NA,1,1,1,1,1,1,0,0,0,0,0,0,1,0,1
491,0,0,1,1,1,1,1,1,1,1,1,1,1,1,0,0,1,1,1,1,1,1,1,1,1,1,1,1,1,1
492,0,0,1,0,1,1,0,1,0,1,0,0,0,1,1,0,1,1,1,NA,1,1,0,0,0,0,1,1,0,0
493,1,0,0,1,1,1,1,1,1,1,1,0,1,1,1,1,1,1,1,1,NA,0,1,1,NA,0,0,1,1,0
494,0,0,0,0,0,0,0,1,0,1,0,0,0,0,1,0,1,0,0,0,0,1,1,1,NA,1,1,1,1,1
495,0,1,1,0,1,0,1,1,1,1,1,0,1,1,1,0,1,0,1,0,0,0,0,1,NA,0,0,1,0,1
496,0,1,1,NA,1,1,1,1,1,1,1,0,0,1,1,1,NA,1,1,1,1,0,0,0,1,0,1,1,1,0
497,0,1,1,1,1,1,1,1,1,1,1,1,1,1,NA,0,1,0,1,1,1,1,1,1,1,1,1,1,1,1
498,1,1,1,0,1,1,1,1,1,1,0,NA,1,1,1,NA,1,1,1,1,1,1,1,1,0,1,0,0,1,1
499,1,1,0,1,1,1,1,0,1,1,1,0,1,1,1,1,1,1,1,1,NA,1,1,1,0,1,0,1,1,1
500,1,1,0,1,1,1,1,1,1,1,1,1,0,0,1,0,1,1,0,1,0,1,1,0,0,1,0,1,1,1
501,0,0,1,0,1,1,0,1,0,1,0,0,NA,0,1,0,0,0,1,0,0,0,1,1,1,1,1,1,1,1
502,0,0,1,0,1,0,1,1,0,1,1,1,1,1,0,0,1,1,1,1,NA,1,NA,1,1,0,0,0,1,1
503,0,1,1,0,1,1,1,1,0,1,1,1,1,1,1,1,1,0,1,0,1,1,1,1,1,1,1,1,1,1
504,0,0,1,0,0,1,1,0,1,1,1,NA,1,0,1,0,1,1,0,0,1,0,1,0,1,0,0,1,0,0
505,0,0,0,1,1,1,0,1,1,1,1,0,1,1,1,0,1,0,0,0,0,0,1,1,0,0,0,1,1,0
506,1,1,1,0,1,1,NA,1,0,NA,1,0,1,1,1,1,1,1,1,0,1,0,1,1,0,1,1,1,1,1
507,1,NA,1,0,0,NA,0,1,0,0,1,0,1,0,1,1,1,1,0,NA,0,1,1,1,0,0,1,1,1,1
508,0,0,1,0,0,0,0,1,0,0,0,NA,0,NA,1,1,1,NA,1,1,0,0,0,1,0,0,0,1,1,0
509,1,1,1,0,1,0,1,1,1,NA,1,1,1,NA,1,1,1,0,1,1,1,1,1,1,1,1,1,1,0,1
510,1,1,0,1,0,1,NA,1,1,0,1,0,1,0,1,1,NA,0,0,0,1,1,1,1,1,0,0,1,1,NA
511,1,0,1,0,1,1,0,1,1,0,1,0,0,0,0,0,1,0,1,0,NA,0,1,1,0,0,1,1,1,1
512,1,0,1,0,0,0,0,0,NA,0,0,0,0,0,1,0,0,0,0,1,0,1,0,NA,0,1,1,0,1,1
513,1,0,0,1,0,1,1,0,0,0,0,1,1,0,NA,1,1,0,0,0,1,0,0,0,0,0,0,1,1,1
514,1,0,1,1,1,0,0,0,0,1,1,0,0,NA,1,1,1,0,1,0,0,1,0,0,0,0,0,1,1,1
515,0,0,1,0,0,1,0,0,0,1,1,0,1,0,0,0,0,NA,0,NA,1,0,1,0,0,1,NA,1,1,0
516,NA,0,0,1,0,0,0,0,0,1,1,1,0,0,0,NA,NA,0,0,0,1,0,1,0,0,0,1,1,0,0
517,0,0,0,0,0,0,0,1,1,0,1,NA,1,1,0,0,1,1,1,0,1,1,1,0,1,1,0,0,1,NA
518,0,0,NA,1,0,0,0,1,0,0,0,1,NA,0,1,0,0,0,0,0,1,0,1,0,1,0,0,0,0,0
519,0,0,1,0,1,1,0,0,0,0,0,0,1,0,1,0,1,1,0,1,0,0,0,0,0,0,1,1,0,0
520,0,1,1,0,0,0,0,0,1,1,NA,0,1,1,1,1,NA,1,1,1,0,1,1,1,1,1,0,1,0,0
521,1,1,1,1,1,NA,0,0,1,1,1,NA,1,0,1,0,0,1,0,0,0,0,1,1,0,0,0,1,0,1
522,0,0,1,1,1,1,1,NA,1,1,0,0,1,0,0,1,1,1,1,1,1,1,1,0,1,1,1,1,1,1
523,1,NA,1,1,1,0,1,1,1,1,0,1,1,1,1,1,1,1,1,1,1,1,1,1,1,1,0,NA,1,1
524,0,0,0,1,0,1,0,1,0,1,1,1,0,0,1,0,1,0,1,0,0,NA,0,1,0,0,0,1,0,NA
525,1,1,1,1,1,1,NA,1,1,1,0,1,1,1,1,0,1,1,1,1,1,1,NA,0,1,0,1,1,1,1
526,0,1,1,1,1,1,1,0,1,1,1,1,1,1,1,1,1,NA,1,1,0,0,1,1,0,0,1,1,1,1
527,1,0,1,1,1,1,1,1,0,1,1,1,1,1,1,1,1,0,0,1,0,0,1,1,1,0,0,1,1,1
528,0,0,1,0,0,0,0,0,0,1,0,0,1,1,0,1,0,0,0,0,0,0,0,0,NA,0,0,1,1,0
529,1,0,1,1,1,1,0,1,1,1,1,1,1,0,1,0,1,0,1,0,1,0,1,1,0,0,1,1,1,1
530,1,1,1,1,1,1,0,1,1,1,1,1,1,1,1,1,1,1,1,1,1,1,1,1,0,1,1,0,1,NA
531,0,1,0,0,0,1,1,NA,1,1,NA,1,NA,1,1,1,1,1,1,0,NA,1,1,0,1,1,1,1,1,1
532,0,1,1,1,0,1,NA,1,1,1,NA,1,1,1,1,0,1,1,NA,1,1,1,1,1,0,1,1,1,1,1
533,0,0,1,0,0,1,1,0,0,1,0,1,1,0,1,0,0,0,0,0,0,1,1,NA,NA,1,0,0,1,1
534,0,0,0,1,1,0,0,1,0,0,0,0,1,1,0,0,1,0,0,0,0,0,1,0,0,1,1,1,1,1
535,1,1,1,1,1,1,1,1,1,1,0,1,1,1,1,1,1,1,NA,1,1,0,1,0,0,0,1,1,1,1
536,1,1,0,NA,1,0,0,1,0,1,1,1,1,0,1,1,1,0,1,1,1,1,0,1,0,0,0,0,1,0
537,1,0,0,0,1,0,0,1,1,1,1,0,0,0,0,1,1,0,0,0,0,1,0,1,1,0,0,0,1,0
538,0,0,0,1,1,1,0,0,1,1,1,0,0,1,1,0,1,0,1,NA,1,0,0,1,1,0,1,0,0,0
539,1,0,1,0,0,0,NA,1,0,0,0,1,1,0,0,0,1,1,1,0,0,0,0,1,1,0,0,1,1,1
540,1,1,1,1,NA,1,1,1,1,1,NA,1,1,1,1,1,1,1,1,1,0,NA,1,1,1,NA,1,1,0,1
541,0,0,1,0,0,NA,NA,NA,1,1,1,NA,1,1,0,0,1,1,NA,1,1,1,1,1,1,NA,1,1,1,1
542,0,0,1,0,0,0,0,1,1,1,1,1,1,0,0,0,1,1,0,1,1,1,1,0,0,0,0,1,1,1
543,0,0,1,0,1,1,0,1,1,1,0,0,1,1,0,NA,1,0,0,1,1,0,1,0,0,0,1,1,1,1
544,1,1,1,0,1,0,0,0,1,1,1,0,1,0,0,0,1,1,0,0,1,0,1,0,0,0,0,0,0,0
545,1,0,1,0,1,0,0,1,NA,1,1,1,1,1,1,0,1,1,1,0,1,1,1,0,1,0,0,1,1,1
546,NA,1,1,0,0,1,0,0,0,1,NA,0,1,0,1,1,1,0,0,0,0,0,0,0,0,NA,0,1,0,0
547,1,1,1,1,1,1,0,0,1,1,1,1,1,1,1,1,1,0,1,0,1,1,0,0,1,1,0,1,1,1
548,1,0,0,0,0,0,0,0,1,0,0,0,1,0,0,0,0,1,0,1,0,1,0,0,0,NA,0,1,NA,0
549,1,0,1,1,0,1,0,0,1,1,0,1,1,1,1,0,1,0,0,1,1,1,1,1,1,0,1,0,1,1
550,1,1,0,1,0,1,0,NA,1,0,1,0,0,0,0,0,0,0,1,1,0,1,0,1,1,0,0,1,1,1
551,1,0,1,0,1,1,1,0,0,1,1,1,1,1,1,0,1,1,1,1,NA,1,NA,1,0,1,1,1,1,1
552,0,1,0,1,1,1,1,1,1,1,1,0,1,1,1,1,0,0,1,1,1,0,1,NA,1,1,1,1,1,0
553,NA,0,1,1,1,1,1,NA,1,1,1,1,1,1,1,1,0,1,NA,1,1,1,0,0,1,0,1,1,0,1
554,1,1,1,0,0,1,0,1,1,1,1,1,1,1,0,1,0,0,1,1,1,1,1,0,NA,0,0,0,0,NA
555,1,0,1,1,1,1,1,0,1,1,1,1,1,1,1,0,1,0,1,0,1,0,NA,1,1,1,1,0,1,1
556,1,1,1,0,1,1,1,1,1,1,1,1,1,1,1,0,1,1,1,0,1,1,1,0,1,1,1,1,1,1
557,0,1,1,0,1,NA,1,1,0,0,1,0,1,0,1,0,0,1,NA,NA,1,NA,1,0,1,1,0,1,1,1
558,1,0,0,0,0,1,0,0,0,1,1,1,1,0,1,0,0,1,1,0,0,0,1,1,0,1,0,1,1,1
559,1,0,1,1,0,0,0,0,0,1,0,1,1,0,1,0,1,0,1,NA,1,0,1,1,0,1,1,1,0,0
560,1,0,NA,0,1,1,0,1,1,1,1,1,1,0,0,1,1,NA,1,0,NA,0,0,1,1,0,1,1,1,1
561,1,0,1,1,1,1,1,1,1,NA,0,1,1,0,1,1,1,0,NA,1,1,1,1,1,0,1,0,1,1,1
562,1,0,1,1,0,1,0,1,0,1,NA,0,1,NA,1,0,0,1,1,1,0,NA,0,0,1,0,1,1,0,1
563,1,1,1,1,1,1,0,1,0,1,1,1,0,1,0,1,1,1,1,1,1,1,1,0,0,1,1,1,1,1
564,1,1,1,0,1,1,NA,1,1,1,1,1,1,1,1,1,1,1,1,1,1,0,1,0,1,1,1,1,1,1
565,1,0,0,1,1,0,1,0,0,NA,0,0,0,0,1,1,0,1,1,1,NA,1,NA,1,1,0,0,0,1,1
566,0,1,1,0,0,0,1,1,0,NA,0,0,1,1,1,0,0,1,1,1,1,0,1,1,0,0,0,1,1,0
567,1,1,0,1,0,0,0,1,1,0,1,0,1,1,0,0,0,NA,NA,0,1,1,1,0,0,0,1,1,0,1
568,0,0,0,0,1,0,0,1,1,1,0,1,1,0,1,0,1,0,1,0,0,0,1,0,1,1,NA,1,0,0
569,1,1,0,1,1,1,1,1,1,NA,1,1,1,NA,1,1,1,1,1,1,1,1,1,0,1,1,1,1,1,NA
570,1,0,1,0,1,1,0,1,0,1,0,0,1,1,1,0,1,1,1,1,0,1,1,1,1,0,0,NA,1,1
571,0,1,NA,0,0,NA,1,1,1,1,1,1,0,1,1,0,1,1,0,1,0,NA,0,0,0,0,1,1,1,1
572,NA,0,0,0,0,1,1,1,0,0,0,0,0,0,1,1,1,1,1,0,0,1,0,0,0,NA,1,1,0,0
573,0,0,0,1,0,0,0,1,0,0,1,1,1,1,1,0,0,0,0,0,0,0,1,1,0,0,1,0,0,0
574,0,0,1,1,0,1,0,1,0,1,0,1,1,1,1,1,1,1,0,1,1,1,1,0,1,1,1,0,1,1
575,0,0,1,1,1,1,1,1,1,1,0,0,1,1,1,0,1,0,1,1,0,0,NA,1,NA,1,NA,1,0,0
576,0,0,1,0,0,0,0,0,0,0,0,1,1,0,1,0,0,1,1,1,1,1,1,1,1,0,1,1,0,1
577,0,0,0,1,0,0,0,1,0,1,1,0,0,0,1,0,1,1,0,0,0,NA,0,1,0,0,1,0,NA,0
578,1,1,1,0,1,1,1,0,0,NA,1,NA,1,1,0,1,1,0,1,0,1,1,1,0,1,1,1,1,1,0
579,1,0,1,1,1,1,NA,1,1,1,1,0,1,1,1,1,1,1,1,1,1,0,1,1,1,0,0,1,1,0
580,0,0,1,1,NA,0,0,0,1,1,0,1,0,1,1,0,1,0,0,1,0,1,1,1,1,0,0,1,0,0
581,0,1,1,1,0,NA,1,0,NA,1,0,1,1,0,0,0,1,0,1,1,0,0,0,0,0,0,0,1,1,0
582,1,1,0,0,1,1,1,1,1,1,0,0,1,1,0,NA,1,0,1,0,1,1,1,0,1,1,1,1,1,0
583,0,1,1,0,1,1,1,1,1,1,1,1,1,1,NA,1,0,1,1,NA,1,1,1,1,1,1,1,1,1,1
584,1,NA,0,0,1,NA,0,1,0,1,1,1,0,0,0,0,0,1,1,1,1,1,0,NA,0,0,0,1,1,1
585,NA,1,1,1,1,1,1,NA,1,0,1,0,1,1,1,1,1,0,1,1,1,0,1,1,1,1,1,1,1,1
586,1,1,NA,1,0,1,1,1,1,1,1,1,1,1,1,1,NA,0,1,1,1,1,1,0,0,1,1,1,1,1
587,1,0,1,0,0,0,0,0,0,0,0,0,1,0,0,0,0,0,1,1,0,0,0,0,0,0,0,0,1,0
588,1,1,1,0,1,0,1,1,0,1,1,0,1,0,1,1,1,1,0,0,0,0,1,1,1,0,0,1,0,0
589,0,0,0,1,0,0,0,1,0,1,0,1,0,0,1,0,1,1,1,0,NA,1,1,0,1,0,0,1,0,1
590,0,NA,0,1,1,0,0,1,0,1,0,1,1,1,0,0,0,NA,1,1,0,0,1,0,1,0,0,0,1,0
591,1,1,1,1,1,1,NA,1,0,NA,1,NA,1,1,1,1,1,1,1,1,1,1,0,1,1,1,0,1,1,1
592,0,0,1,1,1,1,NA,1,1,1,1,0,1,1,1,1,1,1,1,0,0,NA,1,1,1,0,1,1,1,1
593,1,1,1,0,1,0,0,0,1,1,0,1,1,1,1,0,1,1,1,1,NA,1,1,0,0,0,1,0,0,1
594,0,1,1,0,1,1,1,0,1,1,1,0,1,1,1,1,0,1,1,1,1,0,1,0,0,1,1,1,0,1
595,0,1,1,1,1,1,1,1,1,1,0,0,1,1,0,1,0,NA,NA,0,1,1,1,1,1,0,1,1,0,1
596,1,1,0,0,0,1,0,1,1,1,0,0,1,1,1,1,1,1,1,1,0,1,1,1,1,1,0,1,1,1
597,1,1,NA,1,0,0,0,0,1,1,0,0,1,NA,NA,0,1,1,1,0,1,NA,1,1,0,0,0,0,1,1
598,1,0,0,0,0,1,0,1,NA,1,0,0,1,0,1,1,1,1,0,0,1,1,0,1,1,1,1,1,0,1
599,NA,1,1,0,1,1,1,1,1,1,NA,0,1,0,1,1,0,0,1,1,0,0,1,1,0,1,0,1,0,0
600,1,1,0,1,1,1,1,NA,1,1,0,0,1,1,1,1,0,1,0,1,1,0,1,1,1,1,0,1,0,1
601,0,1,1,NA,0,1,1,1,0,1,1,0,1,1,1,1,1,0,1,1,1,NA,0,0,0,0,1,1,NA,0
602,1,1,0,0,0,1,0,1,0,0,1,0,0,0,1,0,NA,1,1,0,0,0,1,0,0,1,0,0,1,0
603,0,0,1,1,0,1,1,0,1,NA,1,1,0,1,1,1,1,NA,1,1,1,1,1,1,0,1,0,1,1,1
604,0,1,1,0,1,1,0,1,1,1,1,1,1,1,1,0,1,1,1,1,1,0,0,1,1,1,1,1,1,NA
605,0,0,1,1,0,1,NA,1,1,1,0,0,1,1,0,0,1,0,1,1,0,1,0,1,1,0,NA,1,1,1
606,0,0,1,1,1,0,0,1,0,0,0,0,1,NA,1,1,1,0,0,1,1,1,0,0,1,0,1,1,1,1
607,1,1,NA,1,1,1,1,1,1,1,NA,1,1,0,1,NA,1,1,1,1,1,1,1,1,1,1,1,1,1,1
608,NA,1,1,1,0,1,1,0,0,1,1,1,1,0,0,0,0,0,0,1,0,0,1,0,0,0,1,0,1,1
609,0,1,NA,1,1,1,1,1,1,1,0,0,0,0,1,1,1,1,1,1,1,0,0,0,1,0,1,0,1,NA
610,1,1,1,1,0,1,1,1,1,1,0,1,1,1,1,1,1,1,1,1,1,0,1,1,0,0,1,1,1,1
611,1,1,1,0,0,0,1,NA,0,1,0,0,1,0,1,1,1,0,0,NA,0,0,1,1,0,1,1,1,0,0
612,1,0,1,1,1,1,1,0,1,1,0,1,NA,1,1,1,1,0,1,1,1,1,1,1,1,1,0,1,1,1
613,0,0,0,0,0,0,1,0,1,NA,1,0,0,NA,0,1,1,1,1,0,0,0,1,0,NA,0,1,1,NA,0
614,0,1,1,1,1,1,1,0,0,1,1,1,1,0,1,1,1,1,1,0,0,1,NA,1,0,NA,1,1,1,1
615,0,1,1,0,1,NA,0,0,1,1,0,1,1,0,0,0,1,0,1,NA,0,1,0,0,0,0,0,1,0,1
616,1,0,1,0,1,1,0,1,0,1,0,0,1,0,1,0,1,1,1,1,1,0,1,0,1,1,1,NA,1,1
617,0,1,1,1,1,1,1,1,1,0,0,0,NA,1,1,1,NA,1,1,0,NA,0,1,1,0,0,1,1,1,0
618,0,0,0,1,1,0,1,1,0,1,0,0,1,0,1,0,1,0,0,0,1,1,1,0,0,0,1,1,1,1
619,1,0,0,1,0,0,1,0,1,1,0,0,1,1,1,NA,1,0,1,1,1,0,1,1,0,1,1,1,0,1
620,0,0,1,0,0,1,0,0,0,0,0,0,0,1,1,NA,0,0,NA,0,1,0,1,0,1,0,0,1,0,1
621,1,1,1,0,1,1,1,1,1,NA,1,1,1,1,1,1,1,NA,0,1,0,0,1,1,0,0,1,1,1,1
622,0,0,0,0,1,1,0,0,1,0,1,0,0,1,1,NA,1,0,0,1,1,0,0,0,1,0,1,1,1,0
623,0,0,1,1,1,1,0,0,1,1,1,1,1,NA,1,1,1,0,0,0,1,1,1,1,1,0,NA,0,0,1
624,1,0,0,0,1,0,0,1,1,1,0,NA,1,0,1,0,0,0,1,0,1,0,1,0,1,0,0,1,1,1
625,0,0,0,1,1,1,0,1,1,NA,1,1,1,1,1,1,NA,0,1,1,0,0,1,1,1,0,1,1,0,0
626,1,0,1,0,0,0,1,0,1,1,0,1,1,1,1,0,1,1,1,1,1,0,0,1,1,1,0,1,0,0
627,1,1,0,1,1,1,1,0,1,1,1,NA,1,0,1,0,1,1,1,1,1,1,1,1,NA,1,0,1,1,1
628,0,1,0,0,1,1,1,1,1,0,1,0,1,0,1,1,1,1,1,1,0,1,0,1,1,0,1,1,1,0
629,0,1,1,0,1,1,0,1,1,1,1,0,1,0,0,0,1,0,NA,0,0,0,1,0,1,0,0,0,1,1
630,0,0,0,0,NA,0,0,1,0,1,1,1,NA,1,1,0,1,1,1,1,1,1,1,0,1,0,1,1,0,1
631,0,0,0,0,1,1,0,NA,1,1,1,1,0,1,1,1,NA,1,1,1,0,0,1,1,1,1,1,1,1,0
632,0,0,0,0,0,1,0,1,1,1,0,1,1,1,1,1,1,1,1,1,0,1,1,1,1,1,NA,1,0,0
633,0,0,1,1,0,1,0,0,1,1,0,1,0,1,1,1,1,1,1,1,NA,1,1,1,1,1,1,1,0,1
634,1,1,1,1,0,0,1,0,1,1,NA,0,0,0,0,1,0,1,0,1,0,1,1,NA,1,0,0,0,0,1
635,1,0,1,1,1,1,1,1,0,1,1,1,1,1,1,0,1,1,1,NA,NA,1,1,0,1,0,1,1,1,1
636,0,NA,1,0,1,0,0,1,0,1,1,0,1,0,1,NA,1,0,0,1,1,0,NA,0,0,1,1,1,1,NA
637,0,1,1,0,1,1,1,1,1,1,1,1,1,0,NA,0,1,1,NA,1,1,0,1,1,0,1,0,0,1,1
638,1,0,0,1,0,0,0,0,0,0,0,0,1,1,1,0,1,0,1,0,0,0,0,1,0,0,0,0,1,1
639,0,0,0,0,1,1,0,NA,1,1,1,0,1,1,0,1,0,0,0,0,0,1,0,0,NA,1,0,1,1,1
640,0,0,1,1,0,0,0,1,0,1,1,0,1,1,0,1,1,0,1,1,0,1,0,0,0,0,0,1,1,1
641,NA,0,NA,1,1,1,1,1,1,1,1,0,1,1,1,1,0,1,1,0,1,0,1,0,1,1,1,1,1,1
642,NA,0,1,1,1,1,1,1,1,1,1,1,1,1,1,0,1,1,1,0,1,0,1,0,1,1,0,NA,1,1
643,0,1,1,1,0,1,1,NA,1,0,1,0,1,1,1,NA,1,1,1,1,1,1,1,1,1,1,1,0,1,0
644,1,1,1,1,0,1,1,1,0,1,1,1,1,1,1,0,1,1,0,1,1,0,0,1,1,0,1,0,1,1
645,0,1,1,0,1,1,1,1,0,1,0,1,1,1,1,1,1,1,0,1,1,0,1,1,0,1,0,0,1,1
646,NA,1,1,0,1,1,1,1,1,NA,0,0,1,1,1,0,0,0,0,1,1,1,1,0,0,1,1,1,1,1
647,NA,1,1,1,1,1,1,1,1,1,1,1,1,1,1,1,1,1,1,1,1,1,0,1,1,1,1,1,1,NA
648,0,1,0,1,0,1,0,0,0,1,1,1,0,0,0,0,0,1,1,1,0,0,1,1,1,1,1,1,1,1
649,1,1,1,0,1,0,1,1,0,1,0,1,1,1,1,1,1,1,1,NA,1,1,1,0,1,0,1,0,1,0
650,1,0,1,0,0,1,0,1,1,1,1,1,1,0,1,0,1,1,1,1,0,0,1,0,NA,1,0,0,1,1
651,0,1,1,0,1,0,0,0,0,1,0,1,1,0,1,0,1,0,NA,1,0,0,0,1,0,0,0,1,0,0
652,1,1,1,0,0,1,1,1,1,1,0,NA,1,0,0,1,1,1,1,1,1,1,1,1,1,0,1,1,1,0
653,1,0,NA,1,1,1,1,1,1,1,1,1,1,1,1,1,NA,1,1,1,0,NA,1,1,1,1,1,1,0,1
654,1,0,1,0,1,0,0,0,1,0,1,0,1,0,1,0,1,1,0,1,1,0,1,0,0,0,1,1,1,1
655,0,1,0,1,0,1,1,0,1,0,0,0,0,NA,1,1,1,1,1,0,1,0,0,0,0,0,0,0,1,1
656,1,1,1,0,1,NA,0,0,1,1,1,1,1,1,1,0,1,1,1,0,0,1,1,1,1,0,NA,0,1,0
657,0,0,0,1,1,1,0,1,1,NA,NA,0,1,0,NA,1,1,1,1,NA,0,0,0,NA,0,0,1,1,1,1
658,1,0,1,0,1,1,0,0,1,1,1,NA,1,1,1,1,1,1,0,1,1,0,1,0,1,0,1,1,1,0
659,1,1,1,1,1,1,1,1,1,1,1,0,1,1,1,0,1,0,0,1,1,1,0,1,0,1,1,1,1,1
660,1,1,1,1,1,1,1,NA,NA,1,1,1,1,1,1,1,1,1,1,1,1,0,1,1,1,1,1,1,1,1
661,0,0,0,1,1,1,1,1,1,1,1,1,1,1,1,1,0,1,1,1,1,1,NA,1,1,0,1,1,1,1
662,0,0,1,0,1,0,1,0,1,0,0,0,1,0,0,1,0,1,0,1,1,0,1,1,NA,0,0,1,0,1
663,1,1,1,1,0,0,1,0,1,0,1,0,1,0,1,0,1,1,1,1,1,1,1,1,1,1,0,NA,0,0
664,0,1,0,0,1,0,1,1,1,1,0,1,0,1,0,1,0,1,1,0,NA,1,1,1,0,0,1,1,1,1
665,0,0,0,NA,NA,0,0,0,0,0,0,0,1,0,0,1,1,0,1,0,0,1,1,0,0,0,0,0,0,1
666,1,1,1,0,1,0,1,1,1,1,0,0,1,1,1,1,0,0,1,0,1,0,1,1,0,0,0,1,0,0
667,0,0,0,1,1,0,0,1,1,1,1,0,1,1,1,0,0,0,1,0,0,1,1,NA,0,1,1,1,1,1
668,1,1,0,NA,1,0,NA,1,0,1,NA,1,1,1,0,0,1,1,0,1,1,1,1,0,NA,0,0,0,1,1
669,1,0,1,1,0,0,0,0,0,1,0,1,1,0,1,1,1,NA,1,0,1,1,1,1,0,0,1,1,1,1
670,0,0,0,0,1,1,0,0,0,1,1,1,1,NA,0,1,0,0,1,1,0,0,0,0,0,0,1,1,1,1
671,0,1,NA,0,1,1,0,1,1,1,1,1,1,1,1,1,1,1,1,0,1,1,1,0,0,0,1,1,1,1
672,NA,1,1,1,1,0,0,1,0,1,0,1,1,0,1,0,1,1,1,1,1,1,1,1,1,0,1,1,1,1
673,1,1,0,0,1,1,1,1,1,1,0,0,1,0,0,1,1,0,1,0,1,1,1,NA,NA,1,0,1,1,1
674,1,0,0,0,0,0,0,1,0,1,1,0,1,0,0,0,0,1,1,0,1,0,1,1,1,0,0,0,0,0
675,0,1,1,1,1,0,0,0,1,1,1,0,0,1,1,0,1,1,0,1,1,1,0,0,1,0,1,1,1,1
676,0,1,1,1,0,1,0,0,1,1,0,0,1,0,1,0,1,1,1,0,0,0,1,0,1,0,0,1,0,0
677,1,0,1,0,0,1,1,0,0,1,0,0,1,1,0,1,0,1,1,1,NA,0,1,1,1,1,NA,1,1,1
678,1,NA,1,1,1,1,1,1,1,1,1,0,1,0,1,0,0,1,0,1,1,0,1,0,1,1,NA,1,1,1
679,0,1,0,NA,0,0,1,0,1,1,1,0,1,1,1,0,1,0,1,0,0,1,1,0,0,1,1,NA,1,0
680,1,1,1,1,1,1,1,1,1,1,1,0,1,1,1,1,1,1,0,1,1,1,1,1,1,1,1,1,1,1
681,1,1,0,1,1,1,NA,1,1,1,1,1,1,0,1,1,1,1,1,1,1,0,1,1,1,1,1,1,1,1
682,1,0,NA,1,1,0,1,0,1,1,0,1,1,1,1,0,0,0,1,1,1,0,0,1,0,0,1,0,1,0
683,1,0,1,1,1,0,0,0,1,1,0,0,1,0,0,1,1,1,1,1,1,1,0,0,0,NA,0,0,0,0
684,0,0,0,1,0,0,0,0,0,1,1,0,1,0,0,0,0,0,NA,0,0,0,0,1,0,NA,1,1,1,0
685,0,0,1,1,1,1,1,0,1,1,1,1,1,1,1,1,1,0,1,1,1,0,1,1,1,NA,1,1,0,1
686,0,0,0,1,0,0,1,1,1,1,1,0,1,0,1,1,0,1,0,0,0,1,0,1,1,0,0,0,1,1
687,1,0,0,1,1,1,NA,0,1,1,1,1,0,NA,1,0,0,1,1,0,1,1,1,0,1,1,1,1,1,1
688,1,0,1,0,1,1,NA,0,1,1,1,1,1,0,1,1,0,1,0,0,0,0,0,1,1,1,1,1,1,1
689,1,1,1,0,0,1,1,1,1,1,1,1,1,1,1,1,1,1,1,1,1,0,NA,0,1,1,1,1,1,0
690,0,NA,1,0,0,NA,1,1,1,1,0,1,1,1,1,1,1,1,0,0,1,0,0,1,NA,1,1,1,0,0
691,1,0,0,1,1,0,1,0,0,1,0,0,1,0,1,0,NA,NA,1,1,0,0,1,0,1,0,0,1,1,1
692,1,1,0,1,1,1,1,1,1,1,1,0,1,1,0,0,1,0,1,1,1,NA,1,0,0,1,1,1,1,1
693,0,1,1,0,1,1,1,1,0,1,1,0,1,0,1,1,1,1,1,NA,1,0,1,0,1,1,1,1,1,1
694,0,0,0,0,0,0,1,0,0,1,0,1,1,0,1,0,1,1,0,0,1,0,1,1,0,1,1,0,0,0
695,0,0,1,1,1,NA,1,1,0,1,0,NA,1,0,1,1,1,NA,1,1,1,1,0,0,1,1,0,1,0,1
696,1,1,1,0,1,0,1,1,1,1,1,1,1,1,0,0,1,0,1,1,0,1,0,0,0,1,1,1,1,1
697,0,1,1,1,0,1,1,0,1,1,NA,0,1,0,1,1,1,1,1,NA,1,0,1,1,0,0,1,0,0,NA
698,0,0,0,1,0,0,0,1,0,1,0,0,0,1,NA,1,0,0,0,0,NA,0,1,0,0,1,0,1,1,0
699,0,1,1,1,0,1,1,1,1,NA,1,1,1,1,1,1,NA,0,0,0,1,0,0,0,0,1,1,1,1,1
700,1,0,0,1,0,0,1,1,1,1,1,1,1,0,1,NA,NA,0,0,1,0,1,NA,1,0,1,0,0,0,1
701,0,0,1,0,1,1,1,1,1,1,1,1,1,0,1,NA,1,1,0,1,1,1,1,1,NA,0,0,1,1,NA
702,0,0,0,1,1,1,0,1,1,1,0,1,1,1,1,0,1,0,1,0,NA,0,1,1,1,0,NA,0,1,NA
703,0,0,1,0,0,0,1,1,0,1,0,0,1,0,1,0,0,1,0,0,0,NA,NA,1,0,0,1,NA,1,1
704,1,1,1,0,1,1,1,0,0,1,1,1,1,0,1,1,1,0,1,1,0,1,1,1,1,1,0,1,NA,1
705,1,0,1,1,0,1,0,1,0,1,0,0,1,1,1,0,0,0,0,NA,1,1,1,0,1,1,1,1,0,0
706,0,0,1,1,0,NA,0,0,0,0,0,NA,1,0,1,1,0,0,0,NA,0,NA,1,1,1,0,0,0,0,0
707,0,1,1,1,1,1,NA,1,1,1,1,0,1,1,1,1,NA,1,1,0,0,1,1,1,1,1,1,1,1,0
708,1,0,0,1,1,0,0,1,1,1,0,NA,0,1,1,1,0,0,1,0,0,1,0,1,0,1,1,0,1,0
709,0,0,NA,0,0,0,0,1,1,0,0,0,1,0,1,0,1,0,0,NA,1,1,1,0,1,1,0,1,NA,0
710,0,1,1,0,1,1,1,0,1,1,1,0,1,1,1,1,1,1,0,0,1,1,1,1,1,1,1,1,1,NA
711,0,1,0,0,0,1,1,1,1,1,0,0,1,1,0,1,1,0,0,0,1,1,1,1,1,1,NA,NA,1,1
712,NA,0,0,1,1,1,0,1,0,1,0,1,1,0,1,0,1,1,1,1,0,0,1,0,0,0,0,1,1,NA
713,NA,1,1,1,1,1,1,0,1,1,1,1,1,0,1,1,1,0,1,0,1,1,1,1,1,0,1,1,0,0
714,0,1,1,0,1,1,1,1,1,1,1,1,1,1,1,0,1,1,1,1,1,0,1,1,1,1,1,0,1,1
715,1,1,1,0,1,0,0,1,0,1,0,0,1,1,1,0,1,0,1,0,1,0,1,1,1,0,1,0,1,0
716,0,0,0,0,0,NA,0,0,0,0,0,1,0,0,0,0,1,1,1,0,0,0,1,0,0,0,0,1,0,1
717,0,0,1,0,0,0,0,1,0,0,1,0,1,NA,1,0,0,0,0,1,0,1,1,0,0,0,0,0,1,0
718,1,0,NA,0,1,1,1,1,NA,1,1,1,0,1,1,1,1,1,1,1,1,1,1,1,1,1,1,0,1,0
719,1,1,0,0,0,NA,1,1,1,1,1,0,1,0,1,1,1,1,1,0,1,1,1,1,1,0,1,0,1,0
720,0,0,1,1,1,1,1,0,0,1,NA,0,0,0,1,0,0,1,1,0,0,1,1,1,1,0,0,NA,1,1
721,1,1,1,0,1,1,0,1,0,1,1,1,1,1,1,0,1,1,0,0,1,1,1,1,0,0,1,1,1,0
722,1,0,1,0,0,0,0,0,0,0,1,1,0,1,0,0,0,0,NA,0,0,0,0,0,0,0,NA,1,0,1
723,0,0,0,1,1,0,0,1,1,1,0,1,0,1,1,1,1,0,1,0,NA,1,0,0,1,0,0,0,NA,0
724,0,0,1,0,1,1,0,1,0,1,1,0,1,1,1,1,0,0,0,1,0,0,1,1,1,0,1,1,1,1
725,1,0,1,NA,1,1,0,1,1,1,0,0,0,0,0,0,1,1,0,0,0,1,0,0,0,0,0,1,1,1
726,1,0,1,0,0,0,0,1,1,1,1,0,1,1,1,1,0,0,0,0,1,0,0,1,1,0,1,0,1,1
727,1,0,1,1,1,1,0,1,1,1,1,0,1,1,1,1,1,0,0,0,0,0,1,1,0,0,1,1,NA,0
728,1,0,1,1,1,0,0,0,0,0,0,1,1,0,0,1,1,0,1,0,0,0,0,1,0,0,0,NA,0,1
729,1,0,0,1,0,0,0,1,1,1,0,0,0,0,1,1,0,0,1,NA,1,1,1,0,0,0,NA,1,0,1
730,0,0,0,1,1,0,0,0,NA,1,0,0,1,NA,1,0,1,1,NA,1,1,0,1,0,0,1,0,1,1,0
731,1,1,1,0,1,NA,0,1,1,NA,1,0,1,1,0,0,1,1,1,0,0,0,0,1,0,1,1,1,1,1
732,1,1,1,0,0,0,0,1,0,1,0,1,0,0,0,0,0,0,1,0,0,0,0,0,0,1,1,0,0,0
733,0,0,1,1,0,1,0,1,0,0,1,1,0,0,0,1,NA,1,NA,0,0,0,1,NA,1,0,1,0,0,1
734,1,0,1,1,1,1,1,0,1,1,1,1,1,1,1,1,1,1,0,1,0,1,1,1,1,1,1,1,1,1
735,0,0,1,1,0,0,1,1,1,0,1,0,1,1,1,0,1,1,1,0,1,0,0,0,1,1,1,1,1,0
736,1,1,1,1,0,1,0,0,1,1,1,1,1,1,0,NA,1,0,1,1,1,1,1,0,1,0,1,1,1,1
737,1,1,1,0,1,1,1,1,NA,1,1,1,1,1,1,1,1,1,1,0,1,1,1,0,1,1,0,1,1,0
738,1,1,1,0,0,NA,0,NA,0,0,0,1,0,1,0,0,0,1,0,1,0,1,1,0,0,0,0,0,0,NA
739,1,1,0,1,1,0,0,1,1,0,0,0,1,0,NA,0,0,1,1,1,1,1,1,0,1,1,1,1,1,1
740,1,1,1,1,0,NA,1,0,1,1,1,1,1,1,1,1,1,1,1,1,1,1,1,1,0,1,1,1,0,1
741,0,NA,1,1,1,1,0,1,0,1,1,1,1,1,0,1,1,1,1,0,1,1,0,0,1,NA,0,1,0,1
742,0,0,1,0,0,0,0,1,1,0,1,1,1,0,0,0,1,0,0,0,0,0,NA,NA,1,0,1,0,0,1
743,1,0,0,1,1,1,0,1,0,1,1,0,1,NA,1,1,1,1,1,0,0,0,1,1,0,1,1,1,0,1
744,0,0,0,0,1,0,1,0,0,NA,1,1,1,0,0,0,1,0,1,0,1,NA,1,0,0,NA,0,1,0,0
745,1,0,1,0,0,1,0,1,1,1,0,0,1,0,0,1,1,0,1,0,0,NA,1,1,0,0,0,0,1,0
746,1,1,1,1,1,1,0,1,1,1,0,0,1,1,1,1,1,1,1,0,1,1,0,1,1,0,1,0,0,0
747,1,1,1,1,1,1,1,0,1,1,0,1,1,0,1,0,0,1,1,1,0,1,1,1,0,0,0,1,1,1
748,0,0,0,1,1,0,0,NA,1,1,1,1,1,0,0,0,1,0,0,0,0,1,0,1,1,0,0,1,1,0
749,1,0,1,1,1,0,1,0,0,0,0,NA,1,0,0,0,0,0,1,1,0,1,0,0,1,0,1,0,0,0
750,0,0,1,0,0,0,1,0,0,1,NA,0,1,1,0,NA,0,0,0,0,0,0,0,0,1,0,0,0,0,1
751,0,0,NA,0,0,0,1,1,1,1,1,1,1,1,1,0,1,1,1,0,1,0,0,0,1,0,0,1,1,1
752,0,0,0,0,1,0,1,0,0,1,NA,1,1,1,1,0,1,1,0,0,0,1,NA,0,1,0,1,0,0,1
753,0,1,1,0,1,1,1,0,1,NA,1,1,1,1,1,1,1,1,1,1,1,1,1,0,1,1,1,1,1,1
754,0,0,1,0,0,1,0,0,0,0,0,0,1,0,0,0,0,0,NA,1,1,1,1,0,NA,1,0,1,1,1
755,0,1,1,1,1,1,0,1,1,1,1,1,0,0,1,0,0,1,0,1,1,1,1,0,1,1,1,0,1,1
756,1,0,1,0,1,1,0,0,1,1,1,0,1,1,1,0,0,1,1,0,NA,1,0,1,0,1,1,0,1,1
757,1,1,1,0,1,0,0,1,1,1,0,1,0,1,1,0,0,NA,1,0,1,1,1,0,1,0,1,0,0,1
758,0,0,1,0,0,1,0,1,0,1,1,1,0,1,1,0,1,0,NA,0,1,0,1,1,1,1,NA,0,0,1
759,0,1,0,1,1,1,1,1,0,1,1,1,1,1,1,0,1,1,1,1,0,1,1,0,1,1,NA,1,1,0
760,0,0,1,NA,1,1,1,1,1,1,0,1,1,1,1,0,0,1,1,1,1,NA,1,NA,1,NA,NA,0,1,1
761,0,NA,1,1,1,0,0,1,1,1,1,1,1,0,1,0,NA,1,1,0,0,0,1,0,1,0,0,1,1,0
762,0,0,0,0,1,0,0,1,1,0,1,0,1,1,1,0,1,1,1,0,0,0,1,1,0,0,1,NA,1,0
763,1,1,1,1,1,1,1,1,1,1,1,1,1,1,1,1,1,NA,1,1,1,0,1,1,1,1,1,1,NA,1
764,NA,0,0,0,1,0,0,1,0,NA,1,0,0,0,1,1,0,1,0,0,0,1,1,1,1,NA,0,0,0,0
765,0,1,1,NA,0,0,1,1,1,1,1,1,1,0,1,NA,1,1,1,1,1,0,1,1,0,0,0,1,1,0
766,1,1,1,1,1,1,1,1,1,1,1,1,1,1,1,1,1,1,1,1,1,1,1,1,0,1,1,1,1,1
767,1,1,1,1,1,0,1,1,1,1,0,1,1,0,1,1,1,0,0,1,0,1,1,1,1,1,0,1,1,1
768,1,0,1,1,1,1,1,NA,1,1,0,1,1,1,1,1,1,1,1,1,NA,0,1,1,1,1,1,1,0,0
769,1,0,1,0,0,1,0,0,0,1,NA,0,1,0,1,0,1,1,1,0,1,0,0,0,0,1,0,1,1,1
770,0,0,0,0,0,1,0,0,0,0,0,0,1,1,0,0,0,0,0,1,1,1,0,1,0,0,0,1,NA,0
771,0,0,0,1,0,1,1,1,1,1,NA,1,0,NA,1,1,1,1,0,1,0,1,NA,1,0,0,0,1,1,1
772,0,1,1,0,1,NA,1,0,1,0,0,0,1,1,1,0,1,1,1,0,1,0,1,0,NA,0,1,1,1,1
773,0,0,1,0,1,1,1,1,0,1,1,1,1,1,1,1,0,1,1,0,1,1,1,1,1,0,1,1,1,0
774,0,1,1,NA,0,0,1,0,NA,1,1,0,1,1,1,1,1,0,1,NA,1,0,NA,0,0,0,1,1,1,0
775,0,0,0,0,0,0,1,0,0,1,0,0,0,0,1,0,0,0,1,0,1,0,0,0,NA,0,0,0,0,0
776,0,0,1,0,1,0,1,1,0,0,0,1,1,0,0,1,0,1,0,0,1,0,1,1,0,1,1,1,1,1
777,1,1,1,1,1,1,1,1,1,1,1,0,1,1,1,NA,0,1,1,1,1,0,1,1,1,1,1,1,1,1
778,0,1,NA,1,1,0,0,0,1,1,0,1,1,0,NA,1,NA,1,1,1,1,0,1,1,1,NA,0,1,1,1
779,0,1,0,1,1,0,1,1,0,0,0,1,1,0,0,1,NA,1,0,0,1,0,1,1,0,1,0,1,0,NA
780,0,0,1,NA,1,1,1,0,1,1,NA,0,1,1,1,1,1,1,1,1,1,1,1,0,0,1,1,1,1,1
781,0,0,0,1,0,0,0,1,0,1,1,1,1,1,0,NA,0,1,0,1,0,1,0,1,1,0,1,1,1,1
782,0,0,0,0,0,0,0,NA,1,0,0,0,1,0,0,1,0,1,0,0,0,0,0,1,1,0,0,0,1,0
783,0,1,1,1,0,0,0,1,1,1,1,0,1,0,1,0,1,1,0,0,1,0,1,1,0,0,0,0,0,0
784,1,0,1,0,1,1,1,1,0,1,0,1,1,1,1,1,1,1,1,1,0,0,1,0,0,0,1,1,0,0
785,1,0,0,1,1,0,0,0,1,1,1,0,1,0,0,0,1,0,1,0,0,1,0,0,1,1,1,0,0,1
786,1,0,1,1,NA,NA,0,1,NA,0,0,0,1,1,1,0,1,0,1,1,1,0,1,0,0,0,NA,1,1,1
787,0,1,NA,0,1,0,0,1,NA,1,NA,1,1,1,1,1,1,1,1,1,1,1,0,1,NA,0,1,NA,1,1
788,0,1,1,0,0,1,0,1,NA,0,0,1,1,0,0,1,1,0,0,0,0,0,0,1,1,0,1,1,1,0
789,1,0,1,1,0,0,1,1,0,0,1,0,1,1,1,1,0,0,1,NA,1,1,NA,1,1,0,0,0,1,0
790,1,0,0,1,0,0,1,0,0,NA,1,1,0,0,1,0,0,1,0,0,0,0,1,1,0,1,0,1,0,0
791,0,NA,1,0,0,1,1,0,0,NA,1,0,1,0,0,0,1,1,0,0,1,1,1,0,0,0,1,0,1,1
792,0,0,1,0,1,1,1,1,0,1,1,NA,1,0,1,1,1,1,1,1,1,1,1,1,0,0,1,1,0,1
793,0,0,1,1,0,1,0,NA,0,0,0,1,1,0,1,0,1,0,0,0,1,1,0,1,0,0,1,0,1,0
794,1,0,1,1,1,1,1,1,1,1,0,1,1,1,1,1,NA,1,1,0,1,1,1,1,1,0,NA,NA,1,1
795,0,1,1,0,0,0,1,0,1,1,0,1,1,0,0,0,1,0,1,0,NA,1,1,0,0,1,1,0,1,1
796,0,0,1,0,NA,1,0,1,0,1,0,0,1,1,0,0,1,0,1,0,0,0,0,1,1,1,0,1,1,1
797,1,1,1,1,1,1,0,0,0,1,0,1,1,1,1,0,1,0,1,0,0,1,1,NA,NA,0,0,1,0,NA
798,0,1,NA,1,1,1,1,1,0,1,0,1,1,1,1,1,0,1,1,0,1,1,1,0,0,0,1,1,1,1
799,1,0,0,0,1,1,1,1,1,1,1,0,1,0,1,0,1,0,0,0,0,0,0,0,1,0,0,1,0,1
800,0,0,NA,0,0,0,0,1,1,1,0,1,0,1,NA,0,1,0,1,0,0,1,0,1,1,0,0,1,1,0
801,1,0,1,NA,1,0,0,0,1,1,1,0,1,1,1,NA,0,1,1,0,1,0,0,0,0,0,0,1,1,1
802,1,1,1,0,1,1,1,1,1,1,0,1,1,0,0,1,0,1,1,0,1,1,0,0,0,0,0,1,1,1
803,0,1,1,0,0,1,1,0,1,1,0,1,1,1,1,1,1,0,1,1,1,1,0,1,1,1,1,1,1,0
804,0,0,1,1,1,1,1,1,1,1,0,1,1,0,1,1,1,NA,0,0,0,0,1,0,1,0,0,0,1,1
805,1,0,1,1,1,1,1,0,1,1,1,0,1,1,1,0,1,1,1,1,1,1,0,0,0,1,1,1,1,1
806,1,1,1,1,0,1,1,1,0,NA,NA,1,1,0,1,1,1,1,0,1,1,1,1,1,0,0,1,1,1,0
807,1,1,1,1,1,1,0,1,0,1,1,1,1,0,0,NA,0,1,1,0,1,1,1,1,1,1,1,1,1,1
808,0,1,1,NA,0,0,0,0,1,1,0,0,1,0,1,0,1,NA,0,0,1,0,1,1,0,1,1,1,0,0
809,0,0,1,0,0,0,0,1,NA,0,0,0,1,0,1,0,1,0,0,0,1,0,0,1,NA,0,0,0,0,1
810,0,NA,1,0,1,1,1,0,1,1,0,1,1,1,1,1,0,1,0,1,1,0,0,1,1,0,0,1,1,1
811,0,0,1,1,0,0,0,NA,1,1,0,1,1,1,1,0,1,1,1,0,1,0,1,0,0,0,NA,1,1,1
812,1,0,1,0,1,1,1,1,1,1,0,0,1,NA,0,1,1,1,1,0,1,1,1,1,0,0,1,1,0,1
813,1,0,0,0,1,0,0,0,0,1,1,1,1,0,1,0,1,1,1,0,0,NA,1,0,0,0,1,1,0,1
814,0,0,1,0,0,0,0,0,0,0,1,0,1,0,1,0,1,1,NA,0,0,0,1,0,NA,0,0,1,1,1
815,1,1,0,0,0,1,1,1,0,1,0,0,0,0,1,0,0,1,1,0,0,0,1,1,0,0,0,1,0,0
816,0,0,0,1,0,1,0,0,0,NA,1,1,1,NA,1,1,1,0,0,NA,0,1,0,1,0,0,0,0,0,0
817,1,0,1,NA,1,1,1,1,1,NA,1,0,0,1,1,0,1,0,0,0,1,1,1,0,1,1,NA,1,1,0
818,1,1,1,0,0,1,1,0,1,1,1,0,NA,1,1,1,1,1,1,1,0,1,1,1,0,0,1,1,0,1
819,0,0,0,0,1,NA,0,1,1,NA,1,1,0,1,1,1,1,1,NA,1,1,1,1,1,0,0,1,1,1,1
820,1,0,NA,1,1,0,0,0,1,0,0,0,0,0,1,0,1,1,1,0,0,1,0,0,1,0,0,1,1,0
821,0,1,1,0,1,1,1,1,1,1,0,1,1,1,1,1,1,0,1,1,1,1,NA,0,0,1,1,1,1,0
822,1,1,1,1,1,0,0,1,1,1,0,1,1,1,1,1,1,0,1,1,1,1,1,0,0,0,0,1,0,0
823,0,0,1,0,0,0,0,0,0,1,0,1,1,0,0,1,1,1,1,0,0,1,1,0,1,1,1,0,0,1
824,1,0,0,1,0,0,0,1,0,0,1,1,1,0,1,0,1,0,0,1,0,0,1,0,0,0,1,1,1,0
825,0,0,1,0,0,1,0,1,0,NA,0,0,1,0,1,1,0,1,1,1,0,1,1,0,0,0,0,1,1,1
826,0,0,0,0,0,0,0,1,0,1,0,0,0,1,NA,0,0,1,1,0,0,NA,1,1,1,0,0,0,1,1
827,0,1,1,1,1,1,1,1,1,1,0,1,1,1,1,1,1,1,1,0,1,1,0,0,1,1,1,1,1,1
828,0,0,1,NA,0,0,0,1,0,1,0,0,1,0,0,1,0,0,1,NA,1,NA,1,0,1,0,NA,0,1,0
829,1,0,1,0,0,0,1,NA,1,1,1,1,1,0,1,0,0,1,1,0,1,1,NA,0,0,0,1,1,1,1
830,0,1,0,0,1,1,1,1,1,1,0,1,0,1,1,NA,0,1,1,1,1,0,1,0,1,0,0,0,0,1
831,0,1,1,1,0,NA,NA,0,1,1,0,0,0,1,1,1,1,1,1,1,1,0,1,1,1,0,0,1,1,1
832,1,1,1,1,1,1,1,0,1,1,0,1,1,0,1,1,0,0,1,1,0,1,1,1,0,1,1,1,1,1
833,0,1,1,1,0,0,0,1,0,1,0,1,0,NA,0,0,0,NA,1,0,0,0,1,0,0,NA,0,0,0,1
834,1,0,1,0,0,1,1,1,0,1,1,1,1,1,1,1,1,1,1,1,1,1,1,0,1,0,1,1,1,0
835,0,1,1,1,0,1,0,1,0,1,0,NA,1,1,1,1,0,NA,1,0,1,0,1,0,0,1,0,1,0,1
836,1,1,1,1,1,0,0,1,1,1,1,1,0,NA,1,0,1,1,1,0,NA,0,1,NA,0,1,1,0,0,1
837,0,1,1,0,1,1,1,1,1,0,1,0,1,1,1,0,0,0,1,1,1,1,0,NA,NA,0,0,1,1,1
838,1,0,1,1,1,1,1,1,1,1,1,0,1,0,1,0,1,0,1,0,1,0,1,1,0,NA,1,1,0,0
839,1,1,NA,1,1,1,1,0,1,1,0,1,1,0,1,1,0,0,1,NA,NA,1,1,1,0,1,0,0,1,0
840,0,0,1,1,1,0,0,1,1,1,0,0,0,1,1,1,1,1,0,0,NA,1,1,0,1,0,1,0,1,1
841,0,1,1,1,1,1,1,1,1,1,0,1,1,1,0,0,0,NA,1,1,0,0,1,1,1,0,1,1,1,0
842,1,1,1,1,1,1,1,1,1,1,1,0,1,1,1,NA,1,1,1,0,1,1,1,1,0,1,NA,0,NA,1
843,1,0,1,0,1,0,1,1,0,0,0,0,0,1,1,0,1,0,NA,1,0,1,1,0,0,0,0,1,1,0
844,0,1,1,0,0,NA,0,0,1,0,0,1,1,0,0,1,1,1,0,1,0,0,1,1,1,0,1,1,1,0
845,1,1,1,1,1,1,1,1,1,1,1,0,1,1,1,1,0,1,1,NA,1,1,1,1,1,1,NA,1,1,1
846,0,0,0,0,0,0,0,0,0,1,1,1,NA,0,1,1,1,0,0,0,0,0,1,1,0,0,NA,0,1,1
847,0,1,0,0,NA,1,1,1,1,1,1,0,1,1,1,0,1,1,1,1,1,0,0,1,1,1,0,1,1,0
848,0,0,NA,0,0,0,1,1,0,1,0,1,1,1,0,0,0,1,0,1,0,1,NA,0,0,0,0,1,1,1
849,0,1,1,0,0,0,0,1,NA,0,0,1,0,1,0,NA,1,1,0,0,1,0,1,0,0,NA,1,1,0,1
850,1,1,1,0,0,0,1,0,0,1,1,1,1,1,1,1,0,1,1,0,1,1,1,1,1,0,1,1,1,1
851,1,NA,1,1,1,1,1,1,1,1,0,1,1,0,1,1,1,1,1,1,1,1,NA,1,1,1,1,1,1,1
852,1,NA,1,0,1,1,1,1,1,1,1,0,1,1,1,1,1,1,1,1,1,1,NA,1,0,1,1,1,1,0
853,1,1,1,1,1,1,1,1,1,1,1,1,1,1,0,1,1,1,0,1,1,1,1,1,0,1,1,NA,1,1
854,0,1,0,0,1,0,0,1,0,0,0,0,1,1,0,1,0,0,0,0,1,1,1,0,0,1,0,1,0,0
855,1,0,0,NA,0,0,1,1,0,1,0,0,1,0,1,0,0,0,1,1,0,0,1,0,0,0,1,1,NA,1
856,0,0,1,1,0,1,1,1,1,1,1,1,1,1,0,1,1,0,0,1,0,1,1,0,1,1,1,1,1,0
857,0,0,1,0,1,0,0,1,0,1,1,0,1,1,NA,1,NA,1,0,1,1,0,1,0,1,1,1,1,0,0
858,1,0,NA,1,0,1,1,1,1,1,0,1,1,1,1,1,1,1,0,1,1,0,1,1,0,0,0,NA,0,NA
859,0,0,0,1,0,0,1,0,0,1,0,0,1,0,0,1,1,1,1,0,0,0,1,0,0,0,1,0,0,1
860,1,1,1,1,1,1,1,1,1,1,1,1,1,1,1,0,1,1,0,1,1,1,1,1,1,1,1,1,1,0
861,0,0,1,1,1,1,1,0,1,0,1,0,NA,1,1,0,0,0,1,NA,0,NA,1,0,1,0,0,NA,1,1
862,0,1,0,NA,0,0,0,1,1,1,0,1,0,1,1,0,0,0,0,1,1,0,1,0,1,0,0,0,0,1
863,0,NA,0,1,0,1,1,0,0,1,1,1,1,0,1,0,0,1,1,0,1,0,0,1,1,0,0,0,1,1
864,NA,1,0,0,0,NA,0,1,1,1,1,1,1,1,0,1,0,0,NA,0,0,1,1,1,1,0,1,1,NA,0
865,0,1,1,1,NA,1,1,1,1,1,0,1,1,1,1,1,NA,1,1,1,1,1,1,0,0,1,1,1,1,1
866,1,1,0,1,1,1,1,1,1,NA,0,1,0,1,1,1,1,1,1,1,1,1,1,0,1,1,1,1,1,NA
867,1,0,1,1,1,0,0,1,0,NA,0,0,1,0,0,0,0,0,0,1,NA,0,1,0,1,1,1,1,1,1
868,0,0,1,0,0,0,0,1,0,1,0,0,1,0,NA,0,1,0,0,0,0,1,0,1,0,0,0,0,1,1
869,0,0,1,NA,1,1,0,0,0,1,1,NA,1,0,1,0,0,0,0,0,NA,0,1,0,0,0,0,1,0,1
870,0,0,1,0,1,0,0,NA,1,1,1,0,1,1,0,0,1,1,0,0,0,1,1,0,1,0,0,NA,NA,1
871,0,0,1,0,1,0,1,0,0,1,0,1,1,0,0,0,NA,1,0,1,0,0,0,0,1,0,0,0,1,0
872,1,0,0,0,0,1,0,0,0,1,1,0,0,0,1,0,0,0,1,0,0,1,1,0,1,1,0,1,1,1
873,1,1,0,1,0,1,0,1,1,1,0,1,NA,1,1,1,1,1,0,1,NA,1,1,1,0,1,1,1,0,1
874,0,NA,1,1,1,1,1,0,1,1,0,NA,0,1,0,1,1,1,0,0,1,0,1,1,1,0,0,1,0,1
875,0,1,1,1,1,1,1,1,0,1,0,1,0,1,1,1,1,0,1,0,1,1,1,1,1,1,0,1,1,1
876,1,0,1,1,1,1,NA,0,0,0,0,0,0,1,0,1,1,0,1,NA,0,0,0,0,0,0,0,1,1,0
877,0,0,1,0,0,1,NA,NA,1,1,0,0,1,0,1,1,1,1,0,0,1,0,0,1,0,0,1,1,NA,0
878,1,1,0,1,0,1,NA,1,0,1,1,1,1,1,NA,1,1,1,1,1,1,1,1,1,1,1,1,1,1,1
879,1,0,0,1,1,0,1,NA,1,1,0,NA,0,1,1,1,0,NA,0,0,0,0,0,0,0,1,0,0,0,0
880,1,1,0,1,1,0,0,1,1,1,0,1,1,1,1,1,0,1,0,1,0,1,1,1,1,0,1,1,1,1
881,0,0,0,0,0,0,0,1,0,0,0,0,0,1,0,0,0,1,0,0,1,0,1,1,0,0,0,1,0,1
882,0,1,0,1,1,1,0,1,0,1,1,0,0,1,0,0,0,1,0,1,0,0,1,0,0,0,1,1,1,1
883,0,1,1,0,NA,1,1,0,1,1,1,1,1,1,1,1,1,1,NA,1,1,1,1,0,1,1,1,1,NA,0
884,0,0,1,1,1,1,0,1,0,1,0,0,1,NA,1,0,1,0,0,0,1,1,1,1,0,1,1,1,1,1
885,1,0,NA,1,1,0,0,1,1,1,1,1,1,0,1,1,1,0,1,0,1,0,1,1,1,0,0,1,0,1
886,NA,1,1,0,0,0,0,0,0,1,0,0,0,1,1,NA,1,1,1,0,NA,1,1,0,0,0,1,1,1,0
887,1,0,1,1,0,0,0,0,0,0,0,0,1,1,0,0,0,NA,0,0,0,0,1,NA,0,0,0,1,1,0
888,0,1,1,1,1,0,0,0,0,1,0,0,1,0,0,NA,0,1,1,1,1,0,1,1,0,1,1,1,1,1
889,NA,0,1,0,0,0,0,1,0,0,0,0,0,1,0,0,1,0,0,1,0,NA,0,0,1,0,1,0,1,NA
890,0,0,1,1,1,0,0,1,1,0,0,1,1,0,0,0,1,1,0,0,1,1,1,0,1,0,1,0,0,1
891,1,1,0,1,1,1,1,0,1,0,NA,1,1,1,1,1,1,1,1,0,1,1,1,0,0,0,1,1,NA,1
892,0,0,0,1,NA,1,0,0,0,1,0,0,1,1,0,1,1,1,1,1,0,1,1,1,0,0,1,0,1,0
893,0,0,0,0,1,0,0,1,1,1,1,0,1,1,1,0,1,0,0,1,1,0,1,1,0,1,1,1,1,1
894,0,0,1,1,0,0,0,NA,1,0,0,0,1,0,0,0,0,0,1,0,1,NA,1,1,0,1,0,0,1,0
895,1,1,1,1,1,0,0,1,1,1,0,NA,1,0,1,0,1,1,1,0,0,0,1,0,1,0,0,1,1,0
896,NA,1,1,0,0,1,0,0,0,1,0,0,1,0,0,0,1,0,0,1,0,0,0,0,1,0,NA,0,0,1
897,1,1,1,1,1,1,0,0,1,1,0,1,1,1,1,1,1,1,1,1,1,1,1,1,1,1,1,1,1,1
898,0,0,1,1,0,1,NA,NA,1,1,0,1,1,0,1,0,1,NA,0,0,NA,0,0,0,0,0,0,0,0,NA
899,1,0,0,1,0,1,1,1,1,1,1,1,1,0,1,1,1,1,1,1,1,1,1,0,1,0,1,1,1,1
900,0,1,1,1,1,1,1,0,0,1,1,1,1,1,1,1,0,1,0,1,0,1,1,1,1,1,1,1,1,1
901,1,0,0,0,0,1,0,0,0,0,1,0,1,0,0,0,0,0,1,0,0,0,1,0,0,0,0,0,1,0
902,1,1,1,0,0,1,1,1,0,1,1,0,NA,1,0,1,0,0,0,1,0,NA,0,1,1,1,0,1,1,0
903,0,1,0,1,1,1,1,0,0,0,0,1,1,1,NA,1,1,1,1,1,0,1,0,1,1,1,0,1,1,1
904,0,1,0,1,1,1,1,1,1,1,1,0,1,1,1,0,1,1,1,0,1,0,1,1,0,1,1,1,0,NA
905,0,0,1,1,1,0,0,0,1,1,1,0,0,1,0,0,1,0,0,0,1,1,0,1,1,1,0,0,0,1
906,0,0,1,0,0,1,1,1,0,1,1,1,NA,1,0,0,1,1,1,1,1,1,1,1,1,NA,1,1,0,1
907,1,0,0,0,0,0,1,1,1,1,0,0,1,1,1,0,1,1,0,1,0,0,1,1,1,0,1,0,0,0
908,1,1,0,1,1,0,1,1,1,1,0,0,0,1,1,0,1,0,0,0,0,0,1,0,1,0,1,1,1,1
909,1,1,1,0,0,1,NA,0,1,1,1,NA,1,0,1,1,1,1,1,1,1,1,1,1,0,0,1,1,0,0
910,1,1,1,1,1,1,0,1,1,1,1,0,1,1,1,0,1,1,1,1,1,1,0,1,1,1,0,1,0,1
911,0,0,NA,1,0,0,0,0,1,1,1,0,1,0,1,0,1,1,0,0,0,1,1,1,0,0,1,0,1,1
912,1,1,1,1,1,1,0,0,1,1,0,0,1,1,1,1,1,1,1,1,1,1,NA,0,NA,1,1,1,1,1
913,1,1,1,NA,1,1,1,0,1,1,0,1,1,1,1,0,1,0,1,1,1,1,1,1,0,0,1,1,1,0
914,0,1,1,0,1,1,1,1,1,1,1,1,1,0,1,1,1,1,1,0,1,1,1,1,NA,1,1,1,0,1
915,1,1,0,1,0,NA,0,1,0,1,1,1,1,1,1,0,1,1,0,1,1,0,0,0,0,0,1,0,1,1
916,1,1,1,1,1,1,1,1,1,1,1,1,0,1,1,1,1,1,1,0,1,0,1,1,1,1,1,1,NA,0
917,0,0,0,0,1,1,0,0,1,0,0,1,1,1,1,1,0,0,1,0,0,1,0,1,0,0,1,1,0,0
918,NA,1,0,1,0,0,0,1,1,0,1,0,1,0,1,1,NA,1,1,1,0,0,0,1,0,0,1,0,1,0
919,1,0,1,0,0,0,0,0,0,1,0,0,1,0,1,1,1,0,0,1,0,0,1,0,0,0,1,0,0,1
920,1,1,1,0,1,1,1,0,1,1,0,1,1,NA,1,0,1,1,1,1,1,NA,1,0,1,1,1,NA,1,1
921,0,NA,0,1,1,1,1,0,0,1,1,1,1,0,0,1,1,0,1,1,1,1,1,NA,0,0,1,1,1,1
922,0,1,1,1,NA,1,1,1,1,1,0,0,1,0,1,0,0,0,1,1,0,0,1,0,1,1,0,1,1,1
923,0,0,1,1,1,0,0,0,1,1,0,0,1,0,1,0,1,1,0,NA,1,0,1,0,0,1,0,NA,0,1
924,1,1,1,1,NA,1,1,0,1,1,1,1,1,1,NA,1,1,1,1,1,1,0,1,1,1,NA,0,1,1,1
925,1,1,0,1,1,1,0,0,0,1,0,1,NA,1,1,1,1,NA,1,1,1,0,0,1,0,1,1,1,1,0
926,0,0,0,0,1,0,0,1,1,1,1,0,1,0,1,1,1,0,1,1,1,1,1,1,0,1,0,1,0,0
927,0,NA,1,1,1,1,0,1,0,1,1,1,1,0,1,1,1,1,0,0,0,0,1,1,NA,0,1,1,1,0
928,0,0,0,0,0,0,0,0,0,0,1,1,NA,0,0,0,0,0,1,1,0,0,1,0,1,0,0,1,0,0
929,1,NA,NA,0,1,NA,1,1,1,1,0,0,1,1,1,1,1,1,1,1,1,1,1,0,0,0,1,1,0,1
930,0,1,0,0,0,1,1,0,0,1,0,0,1,0,1,0,1,1,0,0,0,0,0,0,0,0,1,0,1,0
931,0,0,1,0,1,1,1,1,1,1,1,1,1,1,1,1,NA,1,1,1,NA,0,1,1,NA,1,1,1,0,0
932,1,1,1,1,1,1,0,0,0,0,1,0,0,NA,1,0,1,0,1,1,0,1,1,1,0,0,1,1,1,0
933,1,1,0,1,0,1,1,1,0,1,0,NA,1,1,0,1,0,1,1,0,1,0,1,1,1,1,0,1,1,1
934,0,1,1,0,NA,0,0,1,1,1,0,1,1,1,1,1,1,0,1,1,NA,1,1,1,0,0,1,1,0,0
935,1,0,0,1,1,NA,1,1,1,0,NA,0,0,0,0,0,1,1,1,0,1,0,1,0,0,1,0,1,0,1
936,0,1,0,1,1,1,1,1,1,1,0,1,1,1,0,0,1,1,1,1,1,1,1,1,1,1,0,1,0,0
937,1,0,0,0,1,1,NA,NA,1,1,1,1,1,0,0,1,1,0,1,0,0,0,0,1,0,1,0,1,1,0
938,0,0,1,0,1,0,0,1,NA,1,1,1,0,0,1,NA,0,NA,1,NA,0,0,1,1,1,0,1,1,1,1
939,1,0,1,1,1,0,1,1,1,1,1,0,1,1,1,1,1,NA,1,1,NA,1,0,1,1,0,NA,1,1,1
940,1,1,0,1,1,1,1,0,1,1,0,NA,0,1,1,1,1,1,1,1,1,1,1,0,0,1,0,NA,1,1
941,0,1,1,1,1,0,1,0,0,1,1,0,1,1,1,0,1,0,1,1,1,1,0,1,0,0,1,0,0,1
942,0,1,1,0,0,1,1,1,1,1,0,0,1,0,1,0,1,0,1,1,1,1,1,0,0,1,0,1,1,1
943,1,1,0,1,1,1,1,1,NA,1,1,1,1,1,1,1,1,1,1,1,1,1,1,1,1,1,1,1,1,NA
944,NA,0,0,0,0,1,0,0,0,0,1,0,1,0,0,0,0,1,NA,0,0,0,0,1,0,0,1,1,1,0
945,1,0,1,0,0,1,1,0,1,0,1,1,1,0,1,1,0,1,0,1,1,1,0,0,1,0,NA,1,1,1
946,1,1,1,0,0,1,1,1,1,1,0,1,1,1,1,0,1,0,1,1,0,0,1,0,1,0,1,1,1,1
947,0,0,1,1,0,0,1,0,1,1,0,1,1,0,NA,0,0,0,0,1,0,1,1,0,0,0,1,1,0,1
948,0,NA,0,NA,1,1,NA,0,1,1,1,0,1,1,1,1,1,0,1,1,1,1,0,1,1,1,NA,0,0,1
949,0,1,0,0,0,1,1,0,1,NA,0,0,0,1,0,NA,1,1,0,1,0,0,1,0,0,1,0,1,0,1
950,1,1,1,1,1,1,1,1,0,0,1,NA,1,1,1,1,1,NA,1,0,1,1,1,0,1,NA,1,1,0,1
951,0,1,1,0,0,0,NA,0,0,1,0,0,1,0,0,0,1,0,1,1,1,1,0,1,NA,0,0,1,0,1
952,1,0,0,1,0,1,NA,1,1,1,1,0,1,0,1,1,1,0,0,1,1,0,1,1,1,1,NA,1,1,0
953,0,1,0,1,0,1,0,1,0,0,1,1,0,0,1,0,1,0,1,0,0,1,1,0,0,0,0,1,0,0
954,0,1,0,1,1,0,0,0,0,NA,0,NA,0,1,0,0,1,1,0,1,1,0,0,0,0,0,1,1,0,0
955,1,0,1,1,NA,1,1,1,0,1,1,1,1,1,1,0,NA,0,1,1,1,0,0,1,1,1,0,1,1,1
956,1,1,1,1,1,1,1,0,1,1,1,1,1,1,1,0,0,1,0,0,1,0,1,0,0,1,1,NA,1,1
957,1,0,0,1,1,0,NA,1,1,1,0,0,0,1,0,1,0,0,0,0,0,1,NA,1,1,1,1,0,0,1
958,0,1,1,1,0,1,0,0,NA,NA,0,1,1,0,1,1,NA,0,0,1,0,NA,1,0,0,0,1,1,0,0
959,0,1,1,1,0,0,0,0,0,NA,1,0,NA,1,1,1,0,0,1,0,1,0,1,1,0,0,1,0,NA,0
960,1,0,1,1,0,1,0,1,0,1,1,1,1,1,1,0,1,1,1,0,0,0,0,1,1,0,0,0,1,0
961,0,0,1,1,0,1,1,NA,0,NA,1,0,1,1,1,0,0,1,0,1,0,1,0,0,0,0,0,1,0,0
962,1,1,0,1,1,0,0,0,0,1,1,1,1,0,NA,1,1,0,1,0,0,0,NA,1,1,0,1,1,1,1
963,1,1,0,1,1,1,1,0,1,1,1,1,1,1,1,1,1,1,1,NA,1,1,1,0,0,1,1,1,1,1
964,NA,1,1,1,0,1,1,1,1,1,1,NA,NA,1,1,1,1,0,NA,1,1,0,0,1,1,1,1,1,1,1
965,0,1,1,1,1,NA,1,1,1,1,0,1,1,1,1,0,1,1,1,1,1,1,1,0,1,1,1,1,1,1
966,0,1,1,1,0,1,1,NA,1,0,1,1,1,1,1,1,0,1,0,0,NA,1,1,1,1,0,1,1,1,1
967,0,0,0,1,0,0,0,0,1,NA,0,NA,1,0,1,1,0,1,1,0,0,0,1,0,0,NA,0,0,0,1
968,0,1,1,1,NA,0,1,0,NA,1,0,0,1,0,1,0,1,1,NA,1,1,0,1,0,0,0,1,1,1,1
969,1,1,1,1,1,1,1,NA,0,1,1,0,1,1,1,1,0,1,1,1,1,0,0,1,1,1,0,1,0,0
970,0,1,1,NA,1,1,1,1,1,1,1,0,1,1,1,1,0,1,1,0,1,1,1,0,1,1,1,1,1,1
971,1,0,1,1,1,1,1,1,1,0,0,1,1,1,0,1,1,NA,1,1,1,1,1,NA,0,0,0,1,1,0
972,1,1,0,NA,1,1,0,0,1,1,1,1,NA,1,1,1,1,0,0,1,1,1,0,1,0,0,1,1,1,1
973,0,0,0,1,1,1,0,0,1,1,1,NA,0,1,1,0,0,1,1,1,0,0,1,0,0,0,0,1,0,1
974,1,0,0,0,1,1,0,1,1,1,1,0,1,0,1,1,1,1,0,1,1,1,1,0,0,0,1,1,1,1
975,NA,1,1,0,1,1,1,0,0,1,1,0,1,0,1,0,1,1,1,1,1,1,0,0,1,0,0,1,1,1
976,0,1,1,0,0,1,1,0,0,0,1,0,1,0,1,0,0,0,1,1,1,0,1,0,0,0,0,1,1,1
977,1,1,1,NA,0,1,1,1,1,1,1,1,1,0,1,0,1,1,1,0,1,0,0,1,0,1,1,1,1,1
978,0,0,0,1,0,1,1,0,0,1,1,1,1,1,0,1,0,1,0,0,1,1,0,1,0,0,0,0,0,0
979,0,0,0,1,0,0,0,1,0,1,1,1,1,0,0,0,1,1,0,1,1,0,1,0,0,0,1,0,0,1
980,0,NA,1,NA,0,1,1,0,NA,1,1,0,0,1,1,0,NA,1,1,0,0,1,1,0,1,0,1,1,1,0
981,0,0,NA,0,0,1,0,1,1,1,1,1,1,0,0,0,1,1,1,0,0,1,0,1,0,0,1,1,1,1
982,0,1,0,0,0,1,1,0,0,1,0,1,1,1,1,1,1,1,1,0,0,1,1,1,1,1,1,1,0,1
983,1,1,0,1,1,1,1,1,1,1,1,1,1,1,1,1,1,1,1,0,0,0,1,0,0,0,1,0,NA,NA
984,0,0,1,1,0,0,0,1,0,0,1,0,1,1,0,1,1,0,1,0,0,0,0,0,0,0,0,1,0,1
985,0,0,1,1,0,1,1,1,1,1,1,0,1,0,1,1,0,1,NA,1,1,1,1,1,0,0,1,0,0,0
986,0,1,1,1,1,0,1,NA,0,1,1,1,1,0,0,1,1,0,1,1,0,0,0,1,1,0,1,1,NA,1
987,1,1,1,0,NA,1,0,0,1,1,1,1,1,1,1,NA,0,0,0,0,0,1,1,1,0,0,0,1,0,1
988,1,0,1,1,0,1,0,0,0,0,1,1,1,1,1,0,1,NA,1,1,1,1,1,0,0,0,0,0,1,1
989,0,1,1,NA,1,1,1,0,1,1,0,1,1,0,1,1,1,1,1,0,1,0,1,NA,1,1,1,0,1,1
990,1,1,1,1,0,1,1,1,NA,1,1,1,1,1,1,1,1,0,1,0,1,0,1,1,0,0,0,1,1,0
991,0,0,1,1,NA,1,0,0,1,1,0,1,1,1,1,NA,1,1,1,1,1,1,1,1,0,1,1,1,1,0
992,0,0,0,0,0,0,0,1,0,1,0,0,1,1,1,1,0,0,1,0,0,1,1,0,1,0,0,0,0,1
993,1,0,1,1,NA,1,1,0,1,1,0,1,0,0,0,0,1,1,1,1,0,0,1,0,1,1,1,NA,1,1
994,0,1,0,1,0,1,0,1,1,1,1,0,1,1,1,0,0,1,1,1,1,0,NA,1,1,1,1,1,1,1
995,0,1,NA,1,0,0,1,0,1,1,0,0,0,1,1,1,1,1,1,1,1,1,0,1,1,0,1,1,0,0
996,1,0,NA,1,0,1,0,1,0,1,1,1,0,1,1,1,0,1,1,1,1,1,1,1,1,0,1,1,NA,1
997,0,1,1,1,0,NA,1,0,1,1,0,1,1,0,0,1,1,1,0,0,0,0,1,1,NA,NA,1,1,0,0
998,0,1,NA,0,1,1,1,1,1,1,1,1,1,0,1,1,0,0,0,0,0,1,1,1,1,1,1,0,1,1
999,0,1,1,1,1,1,1,0,0,1,0,0,1,1,1,1,1,1,1,1,0,1,0,1,0,1,1,1,0,1
1000,1,1,1,1,0,1,1,0,1,1,1,1,1,1,1,1,0,NA,0,1,1,0,1,1,1,0,1,1,1,NA
